Customer_ID,recency_days,frequency,monetary,avg_basket_size,avg_item_price,churn,clv_proxy
12346,51,11,372.86,2.121212121212121,6.253333333333334,1,372.86
12349,92,2,1268.52,10.085106382978724,8.39531914893617,1,1268.52
12355,89,1,488.21000000000004,13.772727272727273,2.399090909090909,1,488.21000000000004
12358,72,2,1697.93,16.857142857142858,3.4425714285714286,1,1697.93
12359,57,5,2012.03,10.19767441860465,5.1703488372093025,1,2012.03
12360,85,3,780.04,16.8,2.9144444444444444,1,780.04
12361,101,2,207.35000000000002,6.384615384615385,4.280769230769231,1,207.35000000000002
12362,260,1,130.0,1.0,130.0,1,130.0
12366,155,1,500.24,98.66666666666667,1.6900000000000002,1,500.24
12368,150,1,917.7,18.333333333333332,4.391666666666667,1,917.7
12369,163,1,348.32,23.22222222222222,5.748888888888889,1,348.32
12370,146,3,774.62,7.2,6.410285714285715,1,774.62
12371,167,2,607.6800000000001,7.411764705882353,5.318529411764706,1,607.6800000000001
12373,146,2,763.0500000000001,8.621621621621621,4.644594594594595,1,763.0500000000001
12374,110,1,1388.54,22.166666666666668,1.8199999999999998,1,1388.54
12377,111,1,1210.96,17.76595744680851,2.1465957446808512,1,1210.96
12378,84,1,1407.7,9.597560975609756,4.402073170731708,1,1407.7
12379,56,1,367.48,9.055555555555555,3.377222222222222,1,367.48
12380,50,6,5814.650000000001,12.671875,17.67484375,1,5814.650000000001
12388,104,1,461.62,10.23076923076923,2.746923076923077,1,461.62
12389,89,2,563.03,9.692307692307692,2.954230769230769,1,563.03
12391,119,4,1902.19,7.683673469387755,5.321428571428571,1,1902.19
12392,113,1,234.75000000000003,10.428571428571429,5.035714285714286,1,234.75000000000003
12395,16,2,1376.82,12.661764705882353,2.8383823529411765,1,1376.82
12396,196,1,931.4300000000001,9.092307692307692,2.2993846153846156,1,931.4300000000001
12399,41,2,539.45,20.805555555555557,1.7652777777777777,1,539.45
12402,43,3,725.25,8.897435897435898,3.2615384615384615,1,725.25
12403,43,1,591.6600000000001,41.0,7.1325,1,591.6600000000001
12404,204,1,63.24,1.0,63.24,1,63.24
12406,118,2,1629.2,29.37142857142857,2.439714285714286,1,1629.2
12408,20,1,194.1,10.0,3.2969999999999997,1,194.1
12409,47,3,7115.56,50.111111111111114,3.2128888888888887,1,7115.56
12410,24,1,320.38,9.285714285714286,5.4192857142857145,1,320.38
12412,9,2,1176.79,17.771929824561404,2.323859649122807,1,1176.79
12415,19,3,2717.98,18.88421052631579,3.4169473684210527,1,2717.98
12416,178,1,202.56,12.0,1.5345454545454544,1,202.56
12417,28,7,1977.25,8.282051282051283,5.206581196581197,1,1977.25
12418,98,2,879.3100000000001,8.725,3.6905,1,879.3100000000001
12421,27,1,77.8,7.25,8.6625,1,77.8
12422,47,10,2998.07,22.397260273972602,17.883424657534245,1,2998.07
12424,70,1,446.53999999999996,28.133333333333333,1.73,1,446.53999999999996
12426,184,1,762.48,6.9361702127659575,3.31531914893617,1,762.48
12429,68,2,1407.3600000000001,30.0,2.5696,1,1407.3600000000001
12431,1,10,3519.52,11.007042253521126,3.651267605633803,1,3519.52
12435,159,2,1736.88,50.5,2.548125,1,1736.88
12437,14,11,5243.03,14.502008032128513,2.578714859437751,1,5243.03
12439,204,2,1142.88,6.732394366197183,3.706478873239437,1,1142.88
12440,239,1,568.51,12.142857142857142,4.550476190476191,1,568.51
12443,254,1,485.31,8.666666666666666,5.87047619047619,1,485.31
12451,51,1,2151.27,16.09009009009009,2.140720720720721,1,2151.27
12455,99,3,2929.95,7.7478991596638656,4.680252100840336,1,2929.95
12458,9,1,380.61,14.2,3.4245000000000005,1,380.61
12459,127,1,454.36,11.217391304347826,4.148695652173913,1,454.36
12466,204,1,56.73,1.0,56.73,1,56.73
12468,48,3,2941.2,16.383928571428573,2.5244642857142856,1,2941.2
12469,44,2,3070.54,33.578947368421055,2.999605263157895,1,3070.54
12470,211,1,211.95,4.130434782608695,3.928260869565217,1,211.95
12471,13,29,11236.83,10.90566037735849,3.603938679245283,1,11236.83
12472,37,9,6763.35,12.26183844011142,2.432646239554318,1,6763.35
12474,0,7,2071.52,10.552845528455284,2.9772357723577234,1,2071.52
12476,23,1,1231.74,9.235294117647058,4.107205882352941,1,1231.74
12477,47,2,4485.86,8.575129533678757,3.9796891191709847,1,4485.86
12480,29,1,451.9,10.037037037037036,3.234814814814815,1,451.9
12481,128,2,3275.6,41.35294117647059,7.61,1,3275.6
12482,98,29,23691.4,132.55882352941177,9.930196078431372,1,23691.4
12483,70,6,1329.7,14.666666666666666,6.913888888888889,1,1329.7
12484,5,6,1826.78,8.4296875,2.92390625,1,1826.78
12485,51,1,708.1,12.176470588235293,2.4105882352941173,1,708.1
12487,252,1,285.3,87.0,2.0,1,285.3
12490,34,8,3056.17,14.080536912751677,3.1327516778523488,1,3056.17
12494,98,1,344.87,10.2,3.1245,1,344.87
12495,162,1,357.4,7.647058823529412,5.705882352941177,1,357.4
12496,142,2,45.34,3.0,1.927,1,45.34
12497,166,1,1211.76,52.529411764705884,2.2958823529411765,1,1211.76
12499,82,1,393.72,11.185185185185185,2.3296296296296295,1,393.72
12500,44,7,1472.54,8.06578947368421,4.055394736842105,1,1472.54
12503,106,1,1126.0,280.5,115.8,1,1126.0
12504,118,1,134.4,20.166666666666668,3.8083333333333336,1,134.4
12507,106,1,539.25,12.928571428571429,3.539285714285714,1,539.25
12510,146,6,3414.23,16.690140845070424,23.628169014084506,1,3414.23
12514,163,1,580.08,12.121212121212121,1.7969696969696969,1,580.08
12516,121,1,689.46,20.48,1.9931999999999999,1,689.46
12523,24,8,1968.0800000000002,9.336283185840708,4.284159292035398,1,1968.0800000000002
12524,14,4,3391.38,54.44736842105263,3.564736842105263,1,3391.38
12525,20,3,973.73,8.483333333333333,3.006,1,973.73
12527,16,2,386.8,20.857142857142858,2.1571428571428575,1,386.8
12529,50,1,316.48,9.142857142857142,3.040952380952381,1,316.48
12530,2,3,1166.74,15.894736842105264,2.3442105263157895,1,1166.74
12531,208,1,1807.98,9.763636363636364,2.3713636363636366,1,1807.98
12533,149,2,1367.89,9.777777777777779,3.3030555555555554,1,1367.89
12539,238,2,5149.06,10.280193236714975,3.2897101449275366,1,5149.06
12540,63,11,4689.21,13.968944099378882,4.0922981366459625,1,4689.21
12542,6,2,481.88,13.384615384615385,2.465128205128205,1,481.88
12547,22,1,175.78,13.461538461538462,3.082307692307692,1,175.78
12549,97,6,1575.68,27.877551020408163,1.6487755102040815,1,1575.68
12555,204,1,129.23,1.0,129.23,1,129.23
12557,68,2,3661.2000000000003,180.0,3.39,1,3661.2000000000003
12567,9,4,1976.9,8.935483870967742,4.071827956989248,1,1976.9
12568,166,1,70.0,9.6,6.234,1,70.0
12570,204,1,77.52,1.0,77.52,1,77.52
12575,48,1,341.8,6.869565217391305,3.612173913043478,1,341.8
12576,48,1,374.75,6.809523809523809,4.79047619047619,1,374.75
12577,258,1,210.55,6.076923076923077,3.5307692307692307,1,210.55
12580,98,1,637.2,9.735294117647058,2.606176470588235,1,637.2
12582,99,1,837.11,6.981132075471698,3.4635849056603774,1,837.11
12583,3,8,4074.05,17.007751937984494,3.1524031007751936,1,4074.05
12586,245,1,422.35,8.263157894736842,4.023684210526316,1,422.35
12588,119,1,328.9,10.117647058823529,4.785294117647059,1,328.9
12589,211,1,715.5,7.1395348837209305,3.563953488372093,1,715.5
12592,41,3,2145.06,25.158730158730158,12.9815873015873,1,2145.06
12594,65,2,408.84000000000003,8.592592592592593,4.167777777777778,1,408.84000000000003
12595,26,1,299.02,14.263157894736842,3.1905263157894734,1,299.02
12598,168,2,649.71,9.692307692307692,2.431282051282051,1,649.71
12599,70,2,588.6800000000001,18.09375,2.3565625,1,588.6800000000001
12600,7,7,1539.92,9.755555555555556,5.440444444444444,1,1539.92
12606,204,1,21.0,1.0,21.0,1,21.0
12609,20,4,1467.56,8.391304347826088,4.12463768115942,1,1467.56
12613,1,4,3022.85,15.44,2.8576666666666664,1,3022.85
12615,26,2,2367.48,11.271929824561404,2.901666666666667,1,2367.48
12619,82,1,140.14,14.0,2.548,1,140.14
12621,15,8,5023.18,20.91358024691358,2.7841358024691356,1,5023.18
12623,66,4,2719.79,11.893805309734514,2.9924778761061943,1,2719.79
12625,31,2,2481.06,17.49484536082474,2.43,1,2481.06
12631,66,4,2198.55,8.605263157894736,3.0716666666666668,1,2198.55
12632,42,2,804.88,19.82857142857143,2.2334285714285715,1,804.88
12633,12,2,2905.48,10.56140350877193,2.7953801169590644,1,2905.48
12634,57,2,490.0,16.85,7.777500000000001,1,490.0
12636,260,1,141.0,1.0,141.0,1,141.0
12637,22,2,904.79,5.720430107526882,2.4017204301075266,1,904.79
12638,161,1,249.8,9.555555555555555,6.888888888888889,1,249.8
12639,149,1,253.58,9.666666666666666,4.801333333333334,1,253.58
12643,76,3,2273.8,111.0,3.132727272727273,1,2273.8
12644,192,2,868.13,7.829787234042553,3.8142553191489363,1,868.13
12645,168,2,846.74,10.926829268292684,2.7334146341463414,1,846.74
12647,26,18,9707.36,13.332129963898916,4.808916967509025,1,9707.36
12648,162,2,311.8,9.38888888888889,3.8705555555555557,1,311.8
12649,105,3,781.8,11.179487179487179,2.7805128205128207,1,781.8
12653,48,1,1950.98,17.72093023255814,2.9111627906976745,1,1950.98
12656,21,2,1480.25,7.905405405405405,3.75,1,1480.25
12662,7,6,1889.25,8.264150943396226,3.534622641509434,1,1889.25
12663,146,2,239.4,18.1,5.84,1,239.4
12664,36,2,1188.16,36.5,12.7225,1,1188.16
12665,191,1,168.8,9.375,4.625,1,168.8
12668,89,4,4502.35,9.135021097046414,3.5654852320675103,1,4502.35
12670,188,1,225.60000000000002,6.125,6.36875,1,225.60000000000002
12671,128,1,2622.481,32.44444444444444,2.7264666666666666,1,2622.481
12672,117,1,211.15,5.0,5.141666666666667,1,211.15
12675,75,2,957.25,3.0,3.8019642857142855,1,957.25
12676,5,3,564.03,16.96,4.4684,1,564.03
12677,77,2,395.1,8.380952380952381,4.0547619047619055,1,395.1
12678,20,5,9801.27,53.48412698412698,4.020396825396825,1,9801.27
12681,44,15,9071.22,12.478841870824054,2.8577060133630288,1,9071.22
12682,34,14,7493.16,10.571428571428571,3.4722981366459624,1,7493.16
12683,97,4,2290.08,14.092592592592593,2.575092592592593,1,2290.08
12687,2,2,2138.91,11.134920634920634,4.4835714285714285,1,2138.91
12692,159,1,110.95,2.769230769230769,3.123076923076923,1,110.95
12693,44,1,579.35,6.733333333333333,4.137,1,579.35
12695,50,3,825.02,7.3125,5.8909375,1,825.02
12696,30,1,317.15,9.714285714285714,3.5738095238095235,1,317.15
12698,112,1,339.75,6.9375,5.1,1,339.75
12701,51,4,1648.7,11.159574468085106,2.916914893617021,1,1648.7
12703,155,3,722.98,8.132075471698114,3.031509433962264,1,722.98
12705,55,1,1544.8700000000001,13.554347826086957,1.7520652173913043,1,1544.8700000000001
12708,49,6,1756.28,8.138613861386139,4.028910891089109,1,1756.28
12709,23,15,16854.98,35.60995850622407,4.09551867219917,1,16854.98
12711,133,2,1339.05,12.833333333333334,2.579333333333333,1,1339.05
12712,12,6,1639.31,9.145833333333334,3.954166666666667,1,1639.31
12714,49,5,5883.88,13.425992779783394,2.668592057761733,1,5883.88
12717,112,1,277.93,5.875,5.961875,1,277.93
12720,28,2,932.49,11.637931034482758,2.4182758620689655,1,932.49
12724,27,2,973.56,13.706896551724139,2.4605172413793106,1,973.56
12725,93,2,1228.95,14.708333333333334,8.136041666666666,1,1228.95
12726,69,2,536.88,34.05882352941177,2.8876470588235295,1,536.88
12727,69,2,1293.75,10.941176470588236,3.317843137254902,1,1293.75
12730,43,1,829.25,4.9787234042553195,4.915957446808511,1,829.25
12731,21,4,4784.3,29.506849315068493,4.0404109589041095,1,4784.3
12733,19,2,1638.32,5.46875,3.7457291666666666,1,1638.32
12737,20,2,3710.5,1.0,1855.25,1,3710.5
12741,51,2,406.07,13.375,12.220625,1,406.07
12742,147,1,1201.52,20.28358208955224,1.7086567164179105,1,1201.52
12744,113,1,1252.95,14.13888888888889,4.243333333333333,1,1252.95
12745,8,3,925.41,20.347826086956523,11.71913043478261,1,925.41
12746,62,1,254.55,5.705882352941177,3.476470588235294,1,254.55
12747,16,11,2950.95,7.623762376237623,4.797425742574258,1,2950.95
12748,3,71,11327.72,4.331132075471698,5.421481132075472,1,11327.72
12749,43,1,832.9,6.975,5.82925,1,832.9
12755,26,6,1400.71,14.178571428571429,1.8823214285714285,1,1400.71
12758,70,4,6015.7,18.5,2.5580555555555553,1,6015.7
12759,42,3,2200.13,10.595238095238095,2.9180952380952383,1,2200.13
12765,14,5,1110.58,13.309090909090909,2.8389090909090906,1,1110.58
12771,7,1,282.3,6.933333333333334,5.656666666666666,1,282.3
12773,86,1,124.25,18.166666666666668,2.018333333333333,1,124.25
12774,57,1,98.7,8.833333333333334,3.966666666666667,1,98.7
12776,189,1,55.5,11.5,7.53,1,55.5
12778,124,1,378.59999999999997,13.555555555555555,2.6296296296296298,1,378.59999999999997
12779,55,3,1246.84,11.96774193548387,2.342741935483871,1,1246.84
12780,120,1,337.4,14.25,3.037,1,337.4
12782,41,1,288.1,4.5,6.053125,1,288.1
12784,51,1,1230.33,8.083333333333334,3.6544444444444446,1,1230.33
12785,57,2,788.45,7.666666666666667,5.525,1,788.45
12786,131,1,728.5000000000001,18.0,3.1,1,728.5000000000001
12788,24,3,314.7,7.421052631578948,4.11578947368421,1,314.7
12789,34,2,181.5,8.0,10.725,1,181.5
12791,122,4,555.11,8.625,9.68125,1,555.11
12792,56,1,426.47,8.045454545454545,4.581363636363636,1,426.47
12796,150,1,381.0,26.0,3.814285714285714,1,381.0
12799,51,1,219.35,9.133333333333333,2.8366666666666664,1,219.35
12800,198,2,403.33,8.291666666666666,3.482083333333333,1,403.33
12801,22,1,1071.82,10.1,4.5974,1,1071.82
12802,61,2,1120.94,10.76923076923077,2.4716923076923076,1,1120.94
12804,22,1,178.28,2.272727272727273,2.3163636363636364,1,178.28
12805,3,3,991.35,9.416666666666666,4.097222222222222,1,991.35
12806,21,3,2863.96,31.606060606060606,6.526515151515151,1,2863.96
12809,87,2,1266.63,5.321428571428571,7.442678571428571,1,1266.63
12810,56,2,534.99,12.15625,1.9415625,1,534.99
12813,23,3,1687.8,25.355555555555554,2.3455555555555554,1,1687.8
12820,26,5,1290.63,14.053333333333333,2.4696,1,1290.63
12821,133,1,128.08,13.142857142857142,2.327142857142857,1,128.08
12823,36,9,2448.5,43.333333333333336,6.305555555555555,1,2448.5
12825,43,2,518.63,5.791666666666667,6.155833333333334,1,518.63
12826,30,2,765.86,15.3125,1.81625,1,765.86
12829,72,1,92.3,21.75,4.391249999999999,1,92.3
12835,6,37,5544.94,3.875451263537906,3.620649819494585,1,5544.94
12836,20,8,2536.43,4.954248366013072,5.179934640522876,1,2536.43
12837,91,1,528.5600000000001,2.236842105263158,3.7292105263157898,1,528.5600000000001
12838,76,3,539.84,11.096774193548388,3.6525806451612906,1,539.84
12839,40,8,2491.78,11.517006802721088,2.6430612244897955,1,2491.78
12840,71,2,641.69,11.085714285714285,2.244285714285714,1,641.69
12841,6,3,647.59,7.277777777777778,3.0557407407407404,1,647.59
12842,259,1,397.20000000000005,56.0,2.1166666666666667,1,397.20000000000005
12843,17,16,4115.33,17.940594059405942,4.866930693069307,1,4115.33
12844,115,1,123.03,1.7619047619047619,4.110952380952381,1,123.03
12846,204,1,15.58,1.0,15.58,1,15.58
12848,197,1,208.0,3.625,3.971875,1,208.0
12849,113,1,464.8,7.142857142857143,5.310714285714285,1,464.8
12853,22,4,1353.0,13.056603773584905,3.6839622641509435,1,1353.0
12854,83,4,1654.72,6.605263157894737,3.055263157894737,1,1654.72
12857,16,3,1474.0,12.773584905660377,3.190566037735849,1,1474.0
12860,215,1,54.22,1.625,2.6325,1,54.22
12861,141,1,68.25,6.75,6.0,1,68.25
12862,17,1,490.73,4.864864864864865,2.5427027027027025,1,490.73
12863,41,4,1686.95,12.81578947368421,4.330263157894737,1,1686.95
12864,30,1,152.45,57.75,0.69,1,152.45
12866,24,1,342.83,8.05,3.2335000000000003,1,342.83
12867,23,4,2205.63,6.45,1.37515625,1,2205.63
12869,203,1,337.66999999999996,3.891891891891892,2.576216216216216,1,337.66999999999996
12870,146,1,209.3,9.625,2.734375,1,209.3
12872,28,7,1989.16,4.561946902654867,2.5978761061946902,1,1989.16
12873,203,1,492.4,17.714285714285715,2.4214285714285713,1,492.4
12874,76,1,489.26,14.307692307692308,3.205,1,489.26
12875,124,2,659.5200000000001,504.0,0.445,1,659.5200000000001
12876,112,1,885.5400000000001,12.875,3.126875,1,885.5400000000001
12877,27,4,679.82,10.5,2.165192307692308,1,679.82
12880,96,1,337.18,6.761904761904762,3.4890476190476187,1,337.18
12889,24,1,99.41,7.125,4.72875,1,99.41
12891,34,7,441.5,167.85714285714286,0.39714285714285713,1,441.5
12894,97,1,157.35,1.5714285714285714,5.633333333333333,1,157.35
12897,65,1,104.15,4.5,5.825,1,104.15
12898,181,1,143.57,3.5,2.4253846153846155,1,143.57
12905,98,2,1018.42,9.851851851851851,3.6487037037037036,1,1018.42
12907,16,1,328.43,5.833333333333333,4.352222222222222,1,328.43
12908,27,2,636.0,600.0,0.53,1,636.0
12909,86,2,586.61,11.119047619047619,2.577857142857143,1,586.61
12910,15,2,1339.38,31.533333333333335,1.945,1,1339.38
12911,73,1,1651.72,3.419491525423729,3.1703389830508475,1,1651.72
12913,92,5,1903.74,32.0,3.464074074074074,1,1903.74
12915,111,1,206.3,7.923076923076923,5.413076923076924,1,206.3
12916,129,2,1042.53,8.090909090909092,4.9025454545454545,1,1042.53
12917,20,3,3086.2,20.585365853658537,3.476829268292683,1,3086.2
12918,148,1,10953.5,1.0,10953.5,1,10953.5
12920,93,3,323.86,9.125,2.421875,1,323.86
12921,2,21,11357.16,16.792576419213972,2.0716157205240173,1,11357.16
12923,97,1,426.2,6.588235294117647,4.4941176470588236,1,426.2
12924,84,5,1147.99,23.17241379310345,2.096206896551724,1,1147.99
12925,114,1,35.28,21.6,0.378,1,35.28
12926,169,2,592.51,2.3482142857142856,2.745982142857143,1,592.51
12928,19,3,1110.89,14.306122448979592,1.8542857142857143,1,1110.89
12931,16,25,19862.66,170.87179487179486,2.1833333333333336,1,19862.66
12932,61,8,1698.56,16.936842105263157,2.076105263157895,1,1698.56
12933,251,1,155.79,2.4814814814814814,3.892962962962963,1,155.79
12934,258,1,181.65,15.5,41.67,1,181.65
12935,26,6,1487.33,11.023255813953488,3.1215116279069766,1,1487.33
12937,6,4,1230.49,9.19277108433735,2.2949397590361444,1,1230.49
12939,20,6,5667.12,131.3684210526316,2.458421052631579,1,5667.12
12941,246,1,377.49,14.11111111111111,1.6459259259259258,1,377.49
12943,80,2,496.5,8.88,5.11,1,496.5
12945,178,1,437.16,10.035714285714286,2.6992857142857143,1,437.16
12948,252,2,252.48,24.88888888888889,1.6422222222222222,1,252.48
12949,23,9,6665.63,12.743333333333334,3.0130999999999997,1,6665.63
12951,21,6,1110.9,7.46875,3.33359375,1,1110.9
12953,44,1,498.96,9.03225806451613,4.2051612903225815,1,498.96
12954,160,1,162.45,8.3,3.115,1,162.45
12956,206,3,413.82,13.304347826086957,1.838695652173913,1,413.82
12957,63,5,4689.43,8.48015873015873,3.8642857142857143,1,4689.43
12958,105,1,166.89,3.25,5.6325,1,166.89
12959,6,1,150.95,13.625,3.8,1,150.95
12960,5,3,1145.8700000000001,21.17241379310345,2.1612068965517244,1,1145.8700000000001
12963,41,1,716.08,10.69767441860465,3.2469767441860466,1,716.08
12969,124,1,122.45,11.0,4.59,1,122.45
12970,257,1,237.99,2.15,1.921625,1,237.99
12971,12,13,2649.65,76.95555555555555,4.192444444444444,1,2649.65
12972,104,3,1019.04,10.753623188405797,3.3531884057971015,1,1019.04
12974,87,1,264.15,3.3333333333333335,4.665,1,264.15
12975,29,3,1248.19,5.543859649122807,6.153157894736842,1,1248.19
12976,96,4,1619.02,16.36904761904762,1.6823809523809523,1,1619.02
12977,23,3,474.64,2.36734693877551,6.1544897959183675,1,474.64
12978,167,4,1946.46,8.35820895522388,2.571417910447761,1,1946.46
12979,251,1,517.7,9.285714285714286,2.350892857142857,1,517.7
12980,10,8,5542.08,28.0,15.0645,1,5542.08
12982,33,5,1776.26,10.206896551724139,2.6484482758620693,1,1776.26
12983,120,1,490.08,21.266666666666666,1.0796666666666668,1,490.08
12986,33,6,1784.67,11.712328767123287,4.045342465753425,1,1784.67
12987,132,2,460.68,9.291666666666666,4.3254166666666665,1,460.68
12989,19,14,4467.64,78.06896551724138,3.2286206896551723,1,4467.64
12990,27,2,273.0,20.0,1.95,1,273.0
12992,247,1,93.35,3.5,4.55,1,93.35
12993,153,2,436.45,9.346153846153847,2.4884615384615385,1,436.45
12997,104,2,274.7,9.866666666666667,3.168,1,274.7
12998,14,3,920.08,19.379310344827587,1.5932758620689655,1,920.08
13000,247,1,497.65,5.451612903225806,4.106451612903226,1,497.65
13001,1,15,10531.83,10.795841209829868,2.499300567107751,1,10531.83
13004,23,12,3966.5,9.32857142857143,2.6839999999999997,1,3966.5
13007,101,1,175.25,5.363636363636363,5.995454545454546,1,175.25
13008,245,1,189.31,6.818181818181818,3.1354545454545457,1,189.31
13009,194,1,234.0,30.0,1.95,1,234.0
13010,170,1,177.12,21.166666666666668,2.4466666666666668,1,177.12
13012,35,2,787.51,10.644444444444444,2.9606666666666666,1,787.51
13013,20,10,4734.76,13.308080808080808,3.124747474747475,1,4734.76
13015,19,3,1897.29,11.585106382978724,6.817765957446809,1,1897.29
13018,92,5,1464.35,8.855555555555556,4.699777777777778,1,1464.35
13019,87,4,780.85,6.027777777777778,4.619166666666667,1,780.85
13020,84,2,618.96,7.128205128205129,3.4451282051282055,1,618.96
13021,48,4,1230.67,9.547945205479452,3.552602739726027,1,1230.67
13023,50,1,759.13,8.305555555555555,5.911944444444444,1,759.13
13024,104,1,247.83,5.266666666666667,5.6626666666666665,1,247.83
13025,253,1,323.39,18.53846153846154,2.1415384615384614,1,323.39
13026,10,4,757.72,20.142857142857142,1.5095238095238095,1,757.72
13027,3,9,6924.0,365.1063829787234,0.40297872340425533,1,6924.0
13029,45,1,347.7,9.5,7.699999999999999,1,347.7
13031,13,3,2146.38,5.3674911660777385,2.5286219081272088,1,2146.38
13036,206,1,307.1,6.333333333333333,9.658333333333333,1,307.1
13037,5,7,2562.17,9.490445859872612,3.31343949044586,1,2562.17
13039,106,4,1010.73,5.2727272727272725,5.494363636363636,1,1010.73
13041,19,3,607.08,11.166666666666666,4.0008333333333335,1,607.08
13042,120,3,1488.59,4.413043478260869,3.1194565217391306,1,1488.59
13044,14,10,4287.58,5.532637075718016,3.3058224543080943,1,4287.58
13045,8,1,325.44,6.625,4.326875,1,325.44
13047,15,11,4099.66,9.503184713375797,5.529235668789809,1,4099.66
13048,28,4,1864.04,11.300970873786408,2.042718446601942,1,1864.04
13050,2,11,3751.07,5.383720930232558,3.0047383720930236,1,3751.07
13051,100,2,155.8,18.0,5.3625,1,155.8
13052,72,4,2058.23,4.826589595375722,4.063236994219653,1,2058.23
13053,143,1,127.65,2.764705882352941,3.1029411764705883,1,127.65
13056,73,1,209.48,8.31578947368421,4.775789473684211,1,209.48
13057,52,3,709.59,11.4,1.996,1,709.59
13059,10,6,1596.77,3.6962025316455698,4.260189873417722,1,1596.77
13063,2,1,188.4,9.666666666666666,2.2916666666666665,1,188.4
13064,72,2,561.25,6.16,8.542,1,561.25
13065,69,1,187.57,7.363636363636363,3.2654545454545456,1,187.57
13069,6,6,2574.32,10.94620253164557,2.115854430379747,1,2574.32
13070,111,2,308.4,9.5,2.075,1,308.4
13071,134,1,129.22,2.5,4.105833333333334,1,129.22
13074,33,4,1378.74,28.482758620689655,3.955862068965517,1,1378.74
13077,62,4,1204.8700000000001,7.944,1.93752,1,1204.8700000000001
13078,6,22,10399.84,13.401459854014599,3.80948905109489,1,10399.84
13080,83,2,160.75,5.888888888888889,3.8499999999999996,1,160.75
13081,30,10,18177.83,15.757882882882884,2.100990990990991,1,18177.83
13082,0,9,3035.12,66.86274509803921,2.0168627450980394,1,3035.12
13084,13,1,122.39999999999999,72.0,0.85,1,122.39999999999999
13085,201,6,2017.2,11.741935483870968,3.4040322580645164,1,2017.2
13087,248,1,313.64,5.733333333333333,5.718,1,313.64
13089,3,67,31913.38,17.393939393939394,2.581477272727273,1,31913.38
13090,2,3,662.77,3.4155844155844157,4.629090909090909,1,662.77
13091,251,2,1976.0,36.375,52.00541666666666,1,1976.0
13092,9,5,1396.15,5.073529411764706,5.034558823529412,1,1396.15
13093,2,26,21976.56,21.71274685816876,2.4704488330341112,1,21976.56
13097,7,15,5805.37,4.945454545454545,4.292424242424242,1,5805.37
13101,20,3,594.21,8.488372093023257,2.5032558139534884,1,594.21
13102,12,6,2304.64,10.435294117647059,4.821882352941176,1,2304.64
13103,99,1,123.34,11.0,2.2399999999999998,1,123.34
13104,55,2,278.21999999999997,22.8,2.666,1,278.21999999999997
13107,64,3,2304.59,27.636363636363637,1.771948051948052,1,2304.59
13109,73,1,347.49,10.304347826086957,3.1586956521739133,1,347.49
13110,78,4,947.7,2.9012345679012346,5.070246913580247,1,947.7
13111,240,1,321.88000000000005,15.0,1.9716666666666667,1,321.88000000000005
13112,63,1,20.599999999999998,5.5,1.475,1,20.599999999999998
13113,16,7,3756.56,7.1231884057971016,3.726811594202898,1,3756.56
13114,252,1,234.38,4.625,5.59625,1,234.38
13115,22,4,1788.5,13.214876033057852,2.1326446280991735,1,1788.5
13117,33,6,644.68,10.612244897959183,1.9997959183673468,1,644.68
13119,190,1,134.9,10.0,1.5136363636363634,1,134.9
13123,51,1,355.44,5.4,3.279714285714286,1,355.44
13125,45,1,148.62,2.65,4.5515,1,148.62
13126,21,3,1088.84,12.048387096774194,2.4095161290322578,1,1088.84
13128,153,1,263.5,31.0,8.5,1,263.5
13129,51,1,108.75,54.75,0.89,1,108.75
13131,76,3,1393.58,10.38888888888889,2.8243055555555556,1,1393.58
13135,13,1,275.45,7.235294117647059,4.305882352941176,1,275.45
13136,16,4,2283.52,9.735537190082646,2.6598347107438016,1,2283.52
13137,24,1,831.25,3.079754601226994,2.545828220858896,1,831.25
13140,13,1,252.3,3.8285714285714287,2.8414285714285716,1,252.3
13141,57,8,3349.2400000000002,13.709876543209877,2.264320987654321,1,3349.2400000000002
13143,106,1,405.1,8.608695652173912,2.7282608695652173,1,405.1
13145,38,2,204.0,24.0,4.25,1,204.0
13148,24,9,3305.71,5.658940397350993,3.605761589403974,1,3305.71
13150,6,3,449.96999999999997,21.375,6.93375,1,449.96999999999997
13151,147,2,1207.3400000000001,5.357142857142857,4.501666666666667,1,1207.3400000000001
13152,51,5,1685.25,7.37037037037037,4.201481481481482,1,1685.25
13154,29,2,1012.98,9.058823529411764,3.101176470588235,1,1012.98
13155,13,1,235.70000000000002,8.8,2.086666666666667,1,235.70000000000002
13156,190,2,1239.6,8.894117647058824,2.9604705882352937,1,1239.6
13157,96,2,1805.8600000000001,21.577464788732396,1.817605633802817,1,1805.8600000000001
13161,22,1,359.38,3.04,5.7756,1,359.38
13162,22,10,6958.8,25.73846153846154,3.065076923076923,1,6958.8
13163,132,1,17.65,1.5,5.35,1,17.65
13164,91,2,372.2,12.0,5.17,1,372.2
13168,64,1,541.14,4.851063829787234,3.3555319148936174,1,541.14
13169,84,1,127.2,4.8,5.7700000000000005,1,127.2
13173,83,8,1672.3,6.507142857142857,3.1719285714285714,1,1672.3
13174,89,6,3923.28,3.9640449438202245,3.4640449438202245,1,3923.28
13175,104,2,831.45,9.195652173913043,4.040217391304347,1,831.45
13178,30,7,6294.22,12.027692307692307,1.9168615384615386,1,6294.22
13179,140,1,572.3100000000001,10.823529411764707,2.083529411764706,1,572.3100000000001
13180,129,1,86.10000000000001,10.5,3.7625,1,86.10000000000001
13183,0,4,1759.22,27.23076923076923,1.6612820512820514,1,1759.22
13187,146,3,105.34,10.578947368421053,0.8473684210526314,1,105.34
13190,66,3,570.66,18.11764705882353,4.138823529411765,1,570.66
13191,180,1,164.69,1.9491525423728813,1.8784745762711863,1,164.69
13192,57,4,1646.64,10.444444444444445,3.166262626262626,1,1646.64
13196,9,2,623.88,10.487804878048781,3.1185365853658538,1,623.88
13197,131,1,373.01000000000005,10.736842105263158,4.588947368421053,1,373.01000000000005
13199,12,18,4107.75,73.29787234042553,2.526595744680851,1,4107.75
13201,24,4,1233.06,12.046511627906977,2.235232558139535,1,1233.06
13202,66,5,1221.63,8.51923076923077,5.105961538461538,1,1221.63
13203,55,3,694.32,14.382978723404255,1.887872340425532,1,694.32
13204,253,1,966.6600000000001,7.508771929824562,4.161052631578947,1,966.6600000000001
13206,86,11,7471.41,12.333333333333334,1.9709941520467837,1,7471.41
13207,134,1,214.20000000000002,9.0,5.95,1,214.20000000000002
13208,55,2,355.29,3.396551724137931,3.7279310344827588,1,355.29
13209,36,5,2617.9,33.955555555555556,3.4533333333333336,1,2617.9
13211,33,5,886.0,5.566929133858268,1.5019685039370079,1,886.0
13213,27,2,614.95,10.805555555555555,1.9333333333333331,1,614.95
13214,6,5,2392.92,12.288235294117648,1.9781764705882354,1,2392.92
13217,177,1,132.5,250.0,0.53,1,132.5
13219,140,1,76.23,1.0,6.930000000000001,1,76.23
13220,97,1,516.8,6.25,4.046875,1,516.8
13222,99,1,88.5,30.0,2.95,1,88.5
13223,50,3,604.3199999999999,54.857142857142854,1.3771428571428572,1,604.3199999999999
13225,61,6,7034.67,38.48684210526316,2.801842105263158,1,7034.67
13230,6,11,2043.46,2.8819095477386933,2.7008291457286435,1,2043.46
13233,216,1,290.63,13.588235294117647,2.63,1,290.63
13234,194,2,346.5,2.6065573770491803,3.0611475409836064,1,346.5
13238,112,1,117.0,10.0,1.95,1,117.0
13239,13,3,928.9300000000001,12.533333333333333,2.5866666666666664,1,928.9300000000001
13240,122,3,269.47,2.8684210526315788,2.4894736842105267,1,269.47
13242,84,2,214.5,10.0,1.95,1,214.5
13243,153,1,251.62,2.7636363636363637,2.7247272727272724,1,251.62
13246,47,1,157.17,3.962962962962963,1.8285185185185184,1,157.17
13249,10,5,643.84,49.6,1.332,1,643.84
13250,24,1,133.09,4.411764705882353,2.307058823529412,1,133.09
13252,147,1,346.90000000000003,7.411764705882353,4.132352941176471,1,346.90000000000003
13253,225,1,974.39,35.32,1.6376,1,974.39
13255,34,1,279.25,17.692307692307693,3.769230769230769,1,279.25
13259,94,6,805.3100000000001,1.5416666666666667,3.505238095238095,1,805.3100000000001
13262,122,1,232.41,3.576923076923077,3.630769230769231,1,232.41
13266,28,5,1793.26,21.638297872340427,1.5595744680851062,1,1793.26
13267,35,9,2779.88,9.963963963963964,3.6581981981981984,1,2779.88
13269,27,10,2051.58,17.627118644067796,2.402033898305085,1,2051.58
13275,154,1,177.36,2.909090909090909,1.635909090909091,1,177.36
13276,24,2,595.83,2.309090909090909,3.491090909090909,1,595.83
13277,61,1,6.9,1.0,1.1500000000000001,1,6.9
13278,1,2,634.61,13.86046511627907,2.044651162790698,1,634.61
13280,166,1,478.5,6.4,5.621999999999999,1,478.5
13283,89,2,279.7,8.76923076923077,3.1346153846153846,1,279.7
13285,122,2,655.47,9.227272727272727,3.183636363636363,1,655.47
13286,122,1,734.91,5.591836734693878,4.138979591836735,1,734.91
13287,125,3,781.59,8.09433962264151,3.0541509433962264,1,781.59
13288,31,4,852.61,35.44444444444444,5.181111111111111,1,852.61
13289,245,1,307.95,7.4375,4.390625,1,307.95
13291,6,7,2450.61,5.300469483568075,3.2082159624413147,1,2450.61
13292,16,2,344.35,4.565217391304348,5.380434782608695,1,344.35
13293,61,4,857.59,7.132075471698113,3.672641509433962,1,857.59
13294,168,1,815.79,11.3125,3.4029166666666666,1,815.79
13295,98,1,306.5,13.7,1.525,1,306.5
13296,8,4,578.09,12.289473684210526,1.894736842105263,1,578.09
13297,64,1,656.57,13.342857142857143,3.39,1,656.57
13299,50,1,351.18,5.0476190476190474,5.509047619047619,1,351.18
13300,96,1,314.98,6.764705882352941,3.6976470588235295,1,314.98
13302,48,1,95.45,3.5,15.85,1,95.45
13304,68,2,616.15,6.9714285714285715,4.6085714285714285,1,616.15
13305,22,2,952.24,6.827160493827161,3.9959259259259263,1,952.24
13307,9,2,258.34,9.714285714285714,3.1992857142857143,1,258.34
13308,118,1,284.86,13.529411764705882,2.5647058823529414,1,284.86
13313,1,7,1890.0,13.36697247706422,2.3573394495412843,1,1890.0
13315,211,1,310.26000000000005,10.545454545454545,1.968181818181818,1,310.26000000000005
13316,5,2,3209.29,210.61764705882354,2.164705882352941,1,3209.29
13317,48,6,2079.44,10.232,2.89936,1,2079.44
13319,6,21,6900.93,8.964630225080386,3.721575562700965,1,6900.93
13320,0,1,306.6,8.772727272727273,1.768181818181818,1,306.6
13324,0,4,1849.07,67.0,3.4716666666666667,1,1849.07
13327,42,8,3604.9500000000003,11.448051948051948,3.1094805194805195,1,3604.9500000000003
13329,19,3,989.0500000000001,14.6,2.2898,1,989.0500000000001
13330,87,2,1219.07,16.69047619047619,3.1904761904761907,1,1219.07
13333,180,1,162.17999999999998,21.75,1.23,1,162.17999999999998
13334,58,2,2699.48,6.861244019138756,3.024114832535885,1,2699.48
13337,68,1,1575.26,11.264367816091953,3.464137931034483,1,1575.26
13338,63,3,1958.6,8.211009174311927,5.129266055045872,1,1958.6
13340,20,4,10471.56,48.9041095890411,9.870958904109589,1,10471.56
13346,20,5,246.3,32.4,1.6800000000000002,1,246.3
13357,16,4,3196.11,5.872131147540983,3.214622950819672,1,3196.11
13360,216,2,715.15,13.08695652173913,2.991304347826087,1,715.15
13361,139,1,817.25,7.875,4.19375,1,817.25
13371,27,2,2297.66,11.076086956521738,4.004130434782609,1,2297.66
13373,143,2,2154.85,14.767857142857142,2.7588392857142856,1,2154.85
13377,167,1,815.32,7.916666666666667,7.13611111111111,1,815.32
13381,0,4,3103.91,17.25409836065574,2.954590163934426,1,3103.91
13382,140,3,655.65,10.05,2.72325,1,655.65
13383,65,1,305.28000000000003,288.0,1.06,1,305.28000000000003
13384,22,1,977.21,14.686274509803921,2.4258823529411764,1,977.21
13388,125,1,508.55,12.323529411764707,3.7147058823529413,1,508.55
13392,199,1,91.14,10.25,1.44625,1,91.14
13393,105,4,1131.45,9.594202898550725,4.150579710144927,1,1131.45
13394,47,8,3085.16,11.617021276595745,2.556489361702128,1,3085.16
13397,99,4,1339.34,22.263157894736842,4.538947368421052,1,1339.34
13399,27,2,177.9,7.0,4.4399999999999995,1,177.9
13400,104,1,310.83,12.347826086956522,1.9695652173913043,1,310.83
13402,27,2,605.62,10.95,2.74225,1,605.62
13403,245,1,78.6,14.666666666666666,2.3666666666666667,1,78.6
13405,3,3,641.36,43.125,4.10125,1,641.36
13406,154,1,140.16,48.0,1.46,1,140.16
13407,100,3,2244.7,19.88235294117647,2.5101176470588236,1,2244.7
13408,10,32,16295.762,34.365019011406844,2.7341140684410647,1,16295.762
13410,220,2,682.9200000000001,46.285714285714285,2.698571428571429,1,682.9200000000001
13412,142,1,487.35,5.176470588235294,4.819117647058824,1,487.35
13413,161,6,429.44,10.581395348837209,1.8832558139534885,1,429.44
13414,52,2,791.22,60.375,1.82,1,791.22
13415,152,3,733.17,4.36,2.533,1,733.17
13416,258,1,228.3,9.428571428571429,3.3500000000000005,1,228.3
13417,69,4,1028.66,7.551020408163265,3.7491836734693877,1,1028.66
13418,29,7,3153.55,19.277310924369747,2.6753781512605044,1,3153.55
13421,8,5,1527.08,5.870229007633588,2.5009923664122136,1,1527.08
13425,30,2,1766.22,12.474747474747474,2.527171717171717,1,1766.22
13426,28,7,2968.38,13.740157480314961,2.143543307086614,1,2968.38
13427,61,2,247.63,12.3125,1.880625,1,247.63
13428,36,2,276.76,3.0597014925373136,1.7497014925373136,1,276.76
13431,56,3,796.0500000000001,9.756756756756756,3.510810810810811,1,796.0500000000001
13432,93,2,439.1,1.954954954954955,2.2845045045045045,1,439.1
13433,23,4,658.32,7.916666666666667,4.62375,1,658.32
13434,177,1,339.18,12.0,2.2223076923076923,1,339.18
13435,22,1,323.85,18.6,2.291333333333333,1,323.85
13438,69,1,46.5,10.0,4.65,1,46.5
13439,48,1,284.28000000000003,4.313725490196078,2.3445098039215684,1,284.28000000000003
13442,189,3,419.87,3.026315789473684,7.01,1,419.87
13443,75,5,1076.92,4.437125748502994,2.6250898203592814,1,1076.92
13444,28,1,135.29,8.076923076923077,2.21,1,135.29
13445,148,1,241.89999999999998,28.285714285714285,1.9700000000000002,1,241.89999999999998
13446,7,10,3594.21,12.627118644067796,2.734632768361582,1,3594.21
13448,90,4,2722.6,7.075,3.20625,1,2722.6
13450,34,5,1463.54,30.392857142857142,1.4082142857142856,1,1463.54
13451,24,4,3329.63,5.197396963123644,2.038199566160521,1,3329.63
13454,163,1,219.87,8.608695652173912,1.4865217391304346,1,219.87
13455,115,3,914.8000000000001,6.785714285714286,4.104107142857143,1,914.8000000000001
13457,210,2,148.22,10.666666666666666,1.5599999999999998,1,148.22
13459,146,2,1160.41,13.506849315068493,2.282191780821918,1,1160.41
13461,35,2,2267.4,58.93333333333333,1.6293333333333335,1,2267.4
13462,159,3,526.46,9.2,2.7434285714285713,1,526.46
13464,140,1,299.34000000000003,10.642857142857142,3.3007142857142857,1,299.34000000000003
13465,108,1,611.5,14.380952380952381,2.6880952380952383,1,611.5
13466,22,3,528.75,11.766666666666667,2.1540000000000004,1,528.75
13468,2,22,4810.54,7.318007662835249,4.403065134099617,1,4810.54
13469,175,1,82.4,8.666666666666666,2.6999999999999997,1,82.4
13472,77,1,262.18,9.714285714285714,2.700714285714286,1,262.18
13473,96,6,2235.12,14.979591836734693,4.485714285714286,1,2235.12
13474,17,1,350.6,2.6666666666666665,3.3215,1,350.6
13476,8,2,544.4,5.470588235294118,4.757352941176471,1,544.4
13477,64,3,974.6800000000001,11.542372881355933,2.6927118644067796,1,974.6800000000001
13478,63,4,1834.01,9.509615384615385,4.122307692307692,1,1834.01
13480,201,1,493.94,6.516129032258065,4.029032258064516,1,493.94
13481,29,5,1575.33,8.065217391304348,3.6031521739130437,1,1575.33
13482,149,1,151.45,7.888888888888889,3.061111111111111,1,151.45
13484,161,1,165.78,10.181818181818182,1.8972727272727274,1,165.78
13485,40,5,1557.23,11.25531914893617,3.3125531914893616,1,1557.23
13487,27,2,271.47,6.466666666666667,4.684666666666667,1,271.47
13488,9,8,3898.85,11.293193717277488,3.444502617801047,1,3898.85
13490,176,1,154.25,3.125,9.40625,1,154.25
13491,22,13,2793.14,8.73469387755102,3.4706122448979593,1,2793.14
13495,148,3,1210.51,18.916666666666668,2.036388888888889,1,1210.51
13497,34,4,818.78,9.282051282051283,3.0648717948717947,1,818.78
13498,252,1,327.38,21.294117647058822,2.2652941176470587,1,327.38
13501,8,2,1544.79,11.17741935483871,3.6512903225806452,1,1544.79
13502,70,1,307.90000000000003,12.909090909090908,3.340909090909091,1,307.90000000000003
13503,1,5,1642.39,4.982558139534884,3.1865697674418607,1,1642.39
13508,164,1,176.07999999999998,9.75,2.82625,1,176.07999999999998
13509,29,1,135.0,21.6,1.25,1,135.0
13510,57,5,1781.21,8.8,3.5832727272727274,1,1781.21
13511,198,1,282.76,12.0,12.998000000000001,1,282.76
13512,2,2,273.96,9.0,2.6322222222222225,1,273.96
13513,177,1,299.64,9.846153846153847,2.323846153846154,1,299.64
13514,101,2,588.7,12.533333333333333,5.576666666666667,1,588.7
13515,166,1,188.1,7.142857142857143,5.772857142857143,1,188.1
13520,129,3,1795.88,14.866666666666667,4.017666666666667,1,1795.88
13526,260,2,1182.0,43.43181818181818,1.0329545454545455,1,1182.0
13527,27,4,1775.38,4.522222222222222,3.0348333333333333,1,1775.38
13530,156,1,402.98,15.11111111111111,2.0072222222222225,1,402.98
13531,20,4,949.27,6.09433962264151,4.524716981132076,1,949.27
13534,5,3,551.52,7.448275862068965,3.486896551724138,1,551.52
13538,178,2,803.54,6.0,3.9481632653061225,1,803.54
13539,57,3,839.62,8.195121951219512,4.158536585365853,1,839.62
13540,177,2,369.25,6.85,5.279999999999999,1,369.25
13541,92,1,310.35,45.5,4.0,1,310.35
13542,31,13,2842.11,2.4047619047619047,5.405555555555556,1,2842.11
13543,156,2,1439.61,7.0,4.599787234042553,1,1439.61
13544,78,3,342.69,1.404040404040404,2.5765656565656565,1,342.69
13545,66,1,118.18,8.8125,1.810625,1,118.18
13551,188,1,152.39999999999998,24.0,6.35,1,152.39999999999998
13552,21,6,2292.15,12.938461538461539,3.6607692307692306,1,2292.15
13553,196,1,499.6,2.258426966292135,3.5106741573033706,1,499.6
13555,64,6,2302.89,6.138461538461539,3.391153846153846,1,2302.89
13557,48,7,1681.1100000000001,13.242990654205608,2.0698130841121496,1,1681.1100000000001
13559,34,2,990.0,180.0,2.75,1,990.0
13561,5,7,1171.6,5.104166666666667,2.3483333333333336,1,1171.6
13562,50,4,2277.55,7.938271604938271,4.449135802469136,1,2277.55
13564,2,26,10201.9,7.088729016786571,2.8264148681055157,1,10201.9
13566,31,2,569.09,3.45985401459854,1.6724817518248174,1,569.09
13567,63,1,414.44,2.433333333333333,2.6118888888888887,1,414.44
13571,14,9,1669.15,4.300448430493273,2.1532286995515695,1,1669.15
13573,159,1,81.85,5.25,2.8625,1,81.85
13576,40,7,3257.32,12.936363636363636,3.560363636363636,1,3257.32
13577,50,5,939.47,8.346153846153847,3.6071153846153843,1,939.47
13579,181,1,383.55,10.925925925925926,2.0262962962962963,1,383.55
13582,139,1,77.5,11.333333333333334,2.25,1,77.5
13583,201,1,664.001,8.651162790697674,2.839093023255814,1,664.001
13584,20,2,243.3,5.767857142857143,1.6724999999999999,1,243.3
13585,52,3,684.54,35.53846153846154,1.5061538461538462,1,684.54
13586,63,1,127.28,1.9,3.8395,1,127.28
13587,185,1,568.3,27.6,3.28,1,568.3
13589,49,3,652.59,4.966666666666667,7.479666666666666,1,652.59
13590,21,5,1865.31,8.686746987951807,2.576987951807229,1,1865.31
13591,105,3,653.8100000000001,6.655172413793103,5.888965517241379,1,653.8100000000001
13593,0,7,2860.66,4.91701244813278,3.6401659751037343,1,2860.66
13594,7,1,136.35000000000002,5.285714285714286,5.8500000000000005,1,136.35000000000002
13595,38,3,784.48,2.3846153846153846,3.0486713286713285,1,784.48
13598,17,4,601.92,5.982456140350878,2.4936842105263155,1,601.92
13599,82,6,2909.12,21.033333333333335,2.4024444444444444,1,2909.12
13600,156,1,298.9,12.5,2.565909090909091,1,298.9
13601,68,1,182.43,2.0576923076923075,2.8642307692307694,1,182.43
13602,82,1,169.38,5.2727272727272725,4.140909090909091,1,169.38
13604,180,1,717.62,11.523809523809524,5.5147619047619045,1,717.62
13605,93,1,169.89,7.647058823529412,2.7911764705882356,1,169.89
13608,62,1,232.05,3.235294117647059,2.2661764705882352,1,232.05
13609,115,1,167.35,2.7142857142857144,13.192857142857141,1,167.35
13610,35,5,793.9,2.2253521126760565,3.138098591549296,1,793.9
13611,56,4,1103.1100000000001,8.506849315068493,2.8843835616438356,1,1103.1100000000001
13612,154,1,818.29,8.88,3.3996,1,818.29
13613,148,2,627.5,7.090909090909091,4.216666666666667,1,627.5
13614,73,1,303.4,2.0232558139534884,3.834883720930233,1,303.4
13615,28,4,3488.54,7.766169154228856,5.262537313432836,1,3488.54
13616,90,2,283.85,4.914285714285715,3.0828571428571427,1,283.85
13617,17,1,112.19999999999999,6.333333333333333,3.216666666666667,1,112.19999999999999
13619,66,2,224.94,1.7555555555555555,3.322,1,224.94
13620,50,1,112.34,14.8,2.504,1,112.34
13622,218,1,658.95,11.84375,3.4603125,1,658.95
13623,72,3,1425.19,3.642384105960265,3.3701324503311256,1,1425.19
13625,118,1,301.26,6.857142857142857,5.414761904761905,1,301.26
13627,10,2,607.43,9.81081081081081,3.078108108108108,1,607.43
13628,198,1,310.14,6.625,4.135625,1,310.14
13629,3,5,3465.0,123.52941176470588,1.65,1,3465.0
13632,98,2,881.99,6.760869565217392,3.9695652173913043,1,881.99
13634,59,6,2191.66,5.018987341772152,3.912974683544304,1,2191.66
13635,246,2,797.15,11.925,2.2495000000000003,1,797.15
13640,133,1,405.0,27.0,3.75,1,405.0
13641,163,5,1016.47,24.954545454545453,3.4640909090909093,1,1016.47
13643,7,4,686.97,7.296296296296297,5.319259259259259,1,686.97
13647,16,4,1393.56,14.885245901639344,3.2481967213114755,1,1393.56
13648,117,3,952.4,9.166666666666666,2.9785,1,952.4
13649,34,2,617.51,9.052631578947368,4.245526315789474,1,617.51
13650,48,3,1141.06,10.578947368421053,3.307719298245614,1,1141.06
13652,174,1,393.96000000000004,12.464285714285714,2.3467857142857143,1,393.96000000000004
13653,9,1,152.2,8.0,2.783333333333333,1,152.2
13654,168,2,258.68,12.0,2.0736363636363637,1,258.68
13655,111,2,580.58,9.793103448275861,3.416896551724138,1,580.58
13656,21,2,699.2,9.789473684210526,2.8923684210526317,1,699.2
13658,14,3,2705.53,8.288288288288289,4.482252252252253,1,2705.53
13659,14,9,3027.53,9.305732484076433,3.9900636942675156,1,3027.53
13661,125,1,325.24,6.9411764705882355,4.0452941176470585,1,325.24
13662,55,4,729.15,7.816326530612245,4.057551020408163,1,729.15
13663,168,1,545.45,10.777777777777779,3.1296296296296298,1,545.45
13665,26,1,632.81,15.25,1.7997727272727273,1,632.81
13666,257,1,19.5,1.0,9.75,1,19.5
13668,0,11,5227.06,8.840579710144928,4.2960386473429955,1,5227.06
13672,252,1,233.53,6.75,3.4075,1,233.53
13676,61,2,243.9,8.0,3.8346153846153848,1,243.9
13677,42,1,273.96,2.4754098360655736,3.0378688524590163,1,273.96
13679,15,3,281.26,2.04,2.9604000000000004,1,281.26
13680,20,7,6797.39,7.449086161879896,2.8600000000000003,1,6797.39
13684,84,2,396.91999999999996,2.3962264150943398,2.6866037735849053,1,396.91999999999996
13688,157,1,375.5,26.0,4.55,1,375.5
13693,115,6,1160.07,9.564516129032258,3.4798387096774195,1,1160.07
13694,6,83,109340.51,131.30741626794259,1.689043062200957,1,109340.51
13695,99,1,266.6,31.333333333333332,1.24,1,266.6
13696,113,2,1386.2,28.470588235294116,2.341764705882353,1,1386.2
13698,118,2,451.73,5.973684210526316,3.432105263157895,1,451.73
13699,72,1,455.57,6.6521739130434785,5.324347826086957,1,455.57
13700,190,2,81.55,5.166666666666667,2.2808333333333333,1,81.55
13705,30,3,688.94,11.18918918918919,2.2572972972972973,1,688.94
13706,148,1,300.38,6.222222222222222,6.205,1,300.38
13707,58,1,720.5,11.357142857142858,3.523214285714286,1,720.5
13709,69,3,771.33,7.044444444444444,4.347333333333333,1,771.33
13710,134,1,228.0,24.0,2.0100000000000002,1,228.0
13711,100,6,1360.1200000000001,8.573529411764707,4.397352941176471,1,1360.1200000000001
13712,132,1,537.58,33.73913043478261,3.4539130434782606,1,537.58
13713,105,1,247.98,2.7096774193548385,3.214193548387097,1,247.98
13715,3,9,4829.84,9.28343949044586,2.4146496815286627,1,4829.84
13717,7,1,179.97,6.916666666666667,3.3841666666666668,1,179.97
13719,0,5,1257.67,4.8175675675675675,2.8628378378378376,1,1257.67
13722,22,3,1887.0,16.549295774647888,3.3970422535211267,1,1887.0
13723,82,2,420.58,9.578947368421053,3.6473684210526316,1,420.58
13724,159,1,213.01,3.0952380952380953,2.1471428571428572,1,213.01
13727,133,6,740.6700000000001,3.2698412698412698,6.9025396825396825,1,740.6700000000001
13728,2,7,1296.8,8.027397260273972,4.544383561643836,1,1296.8
13729,206,1,357.88,13.6,3.2984999999999998,1,357.88
13733,257,1,149.1,6.2,3.3,1,149.1
13734,30,4,6695.6900000000005,11.185185185185185,7.573333333333334,1,6695.6900000000005
13735,48,6,3668.18,6.16597510373444,3.3029460580912864,1,3668.18
13736,66,2,1357.66,2.9177489177489178,2.7962770562770567,1,1357.66
13739,49,1,75.3,7.333333333333333,3.35,1,75.3
13740,27,3,916.73,6.607843137254902,4.671372549019608,1,916.73
13745,68,1,477.32,20.967741935483872,1.0906451612903227,1,477.32
13748,260,1,173.1,12.857142857142858,2.0785714285714287,1,173.1
13750,66,3,938.52,7.190476190476191,3.979285714285714,1,938.52
13752,49,1,404.45000000000005,6.894736842105263,5.063157894736842,1,404.45000000000005
13753,120,3,1353.31,20.844444444444445,1.9539999999999997,1,1353.31
13756,49,5,1223.64,7.368932038834951,2.9209708737864077,1,1223.64
13757,196,1,195.55,6.75,3.47125,1,195.55
13758,111,5,3682.17,14.666666666666666,3.66,1,3682.17
13760,57,2,674.04,8.806451612903226,3.866774193548387,1,674.04
13761,24,4,881.52,8.403846153846153,2.7390384615384615,1,881.52
13762,115,4,2165.76,83.42857142857143,1.1910714285714286,1,2165.76
13764,91,3,1400.2,7.104294478527607,2.352269938650307,1,1400.2
13765,175,1,352.821,17.470588235294116,3.981235294117647,1,352.821
13766,17,1,190.35,8.058823529411764,2.0741176470588236,1,190.35
13767,24,18,7948.41,18.71144278606965,3.633880597014925,1,7948.41
13768,248,2,875.97,11.303030303030303,3.4466666666666668,1,875.97
13769,29,6,1624.6200000000001,8.049382716049383,3.3798765432098765,1,1624.6200000000001
13770,167,2,264.33000000000004,26.142857142857142,1.827142857142857,1,264.33000000000004
13771,55,5,3094.37,17.144329896907216,3.1172164948453607,1,3094.37
13772,34,3,1096.34,2.05607476635514,3.4084579439252334,1,1096.34
13773,181,1,91.4,6.4,3.7300000000000004,1,91.4
13775,112,1,1049.66,7.222222222222222,3.125079365079365,1,1049.66
13777,27,17,10966.32,52.38461538461539,2.3656043956043957,1,10966.32
13778,13,3,945.79,12.6,3.999428571428571,1,945.79
13779,37,1,161.13,1.962962962962963,4.027777777777778,1,161.13
13781,114,2,650.99,6.75,3.5335,1,650.99
13782,10,6,731.47,1.9174311926605505,4.036697247706422,1,731.47
13783,9,4,1542.09,343.7,0.5589999999999999,1,1542.09
13786,111,4,2252.69,11.471264367816092,2.7693103448275864,1,2252.69
13787,76,3,504.93,11.702702702702704,3.000810810810811,1,504.93
13788,27,1,3.75,1.0,3.75,1,3.75
13793,168,1,96.0,7.428571428571429,1.9357142857142857,1,96.0
13794,68,1,126.03,7.0,3.6655555555555557,1,126.03
13795,28,2,432.34999999999997,35.8235294117647,1.2305882352941178,1,432.34999999999997
13796,21,1,289.7,9.909090909090908,2.2977272727272724,1,289.7
13797,90,2,666.87,7.680851063829787,3.291702127659575,1,666.87
13798,1,36,23786.23,66.73362445414847,2.5343668122270744,1,23786.23
13799,8,5,1530.46,20.61111111111111,3.361111111111111,1,1530.46
13800,258,1,478.7,12.736842105263158,2.4457894736842105,1,478.7
13802,13,12,15591.29,27.618243243243242,3.0856756756756756,1,15591.29
13803,140,1,433.53000000000003,8.884615384615385,3.368076923076923,1,433.53000000000003
13807,96,2,309.6,4.444444444444445,7.705555555555555,1,309.6
13813,49,4,1398.6100000000001,10.0,3.837972972972973,1,1398.6100000000001
13814,49,1,678.2,15.909090909090908,3.3840909090909093,1,678.2
13815,72,2,2025.04,16.495575221238937,2.697522123893805,1,2025.04
13819,191,3,1502.0,18.46153846153846,2.1486153846153844,1,1502.0
13820,168,2,386.52,3.25,3.7159999999999997,1,386.52
13821,215,3,660.55,2.2613636363636362,4.052386363636364,1,660.55
13823,9,4,1929.92,9.029702970297029,4.958712871287129,1,1929.92
13824,35,4,934.02,13.272727272727273,2.481818181818182,1,934.02
13825,143,2,255.59,4.55,2.7575,1,255.59
13830,103,1,156.85000000000002,4.2727272727272725,7.177272727272728,1,156.85000000000002
13831,29,11,3362.77,12.94949494949495,4.924747474747475,1,3362.77
13834,98,2,324.19,13.8125,5.724375,1,324.19
13835,41,3,260.7,4.875,5.6625,1,260.7
13838,101,1,240.44,1.962962962962963,3.4357407407407408,1,240.44
13839,8,1,139.95000000000002,3.5714285714285716,5.635714285714286,1,139.95000000000002
13842,69,5,683.54,7.333333333333333,4.532291666666667,1,683.54
13847,241,1,310.72,5.052631578947368,5.931052631578948,1,310.72
13848,68,3,1120.0,1166.6666666666667,0.32,1,1120.0
13849,146,1,509.65,4.46875,6.4378125,1,509.65
13851,201,1,199.29999999999998,4.666666666666667,13.283333333333331,1,199.29999999999998
13852,132,1,187.35000000000002,7.7272727272727275,3.7409090909090907,1,187.35000000000002
13854,63,8,1926.27,21.57894736842105,3.3989473684210525,1,1926.27
13855,22,4,1310.3400000000001,7.876712328767123,3.1505479452054796,1,1310.3400000000001
13856,16,7,644.95,12.236842105263158,4.483947368421053,1,644.95
13857,10,2,400.93,4.82,3.0304,1,400.93
13859,51,1,314.7,4.75,9.4875,1,314.7
13861,52,1,128.43,12.4,2.9699999999999998,1,128.43
13863,64,2,632.12,7.0,4.4715625,1,632.12
13869,17,4,3497.12,4.902631578947369,3.0534999999999997,1,3497.12
13870,104,2,1285.4,16.20689655172414,1.7863793103448276,1,1285.4
13871,71,3,1164.0,10.127272727272727,3.384909090909091,1,1164.0
13872,49,3,919.57,5.947368421052632,4.236666666666667,1,919.57
13873,96,2,262.7,5.2727272727272725,6.854545454545454,1,262.7
13874,26,6,1508.7,13.411764705882353,3.1613725490196076,1,1508.7
13875,24,7,2416.23,10.761538461538462,4.591615384615384,1,2416.23
13877,211,1,154.82999999999998,22.333333333333332,2.7133333333333334,1,154.82999999999998
13878,69,3,1145.33,6.925373134328358,4.373731343283582,1,1145.33
13879,167,1,395.5,8.16,3.2724,1,395.5
13880,8,2,343.71,11.521739130434783,1.6895652173913043,1,343.71
13881,7,10,15841.6,60.51851851851852,2.8675661375661377,1,15841.6
13883,84,6,1661.44,11.0875,2.7982500000000003,1,1661.44
13888,16,4,911.82,4.311688311688312,4.736493506493506,1,911.82
13889,173,2,630.6800000000001,11.142857142857142,2.6719999999999997,1,630.6800000000001
13890,103,3,730.2900000000001,9.477272727272727,2.810681818181818,1,730.2900000000001
13891,104,1,398.4,8.166666666666666,4.204166666666667,1,398.4
13892,97,1,525.24,231.75,0.56875,1,525.24
13895,37,2,1415.45,10.220588235294118,5.336911764705882,1,1415.45
13896,147,1,388.55,7.095238095238095,3.2452380952380957,1,388.55
13897,199,1,482.67,19.043478260869566,1.8669565217391304,1,482.67
13900,26,2,582.92,8.871794871794872,2.477948717948718,1,582.92
13901,6,9,2516.28,10.229166666666666,3.72125,1,2516.28
13902,154,5,34095.26,3501.5873015873017,0.826984126984127,1,34095.26
13905,254,1,312.65,11.25,4.833333333333333,1,312.65
13907,213,1,136.8,17.0,2.1125,1,136.8
13909,43,1,112.46000000000001,12.363636363636363,5.024545454545454,1,112.46000000000001
13911,51,9,1145.29,19.360655737704917,1.940327868852459,1,1145.29
13913,28,1,42.22,3.3333333333333335,10.13,1,42.22
13916,63,3,928.4300000000001,8.145833333333334,6.552083333333333,1,928.4300000000001
13919,62,1,617.27,15.46875,2.2278125,1,617.27
13920,12,2,1067.66,16.135593220338983,2.9899999999999998,1,1067.66
13921,62,2,349.1,4.857142857142857,5.161904761904762,1,349.1
13929,12,7,1930.55,30.073170731707318,3.2687804878048783,1,1930.55
13931,145,4,2131.42,15.11320754716981,2.5682075471698114,1,2131.42
13935,118,3,6116.92,28.15,3.93925,1,6116.92
13939,50,3,451.65,9.566666666666666,2.783,1,451.65
13941,66,7,3703.54,44.628571428571426,3.307142857142857,1,3703.54
13942,56,1,320.0,1000.0,0.32,1,320.0
13943,99,1,246.54000000000002,6.266666666666667,4.405333333333333,1,246.54000000000002
13944,175,1,200.43,4.371428571428571,1.8194285714285714,1,200.43
13945,1,1,515.65,8.891891891891891,2.383783783783784,1,515.65
13946,156,2,760.95,40.483870967741936,1.9609677419354838,1,760.95
13948,170,2,262.31,10.846153846153847,3.237692307692307,1,262.31
13952,28,8,7342.13,20.30857142857143,3.6029142857142857,1,7342.13
13953,12,4,2625.0,525.0,1.25,1,2625.0
13957,94,2,258.90000000000003,5.25,5.16875,1,258.90000000000003
13958,33,7,3943.51,10.118918918918919,4.093297297297298,1,3943.51
13959,33,1,43.25,1.3,3.81,1,43.25
13963,16,7,967.9300000000001,5.622950819672131,4.881311475409836,1,967.9300000000001
13965,191,2,786.01,17.761904761904763,3.402857142857143,1,786.01
13969,6,9,1806.21,4.69109947643979,2.6901047120418853,1,1806.21
13971,35,4,1221.18,11.774647887323944,2.3190140845070424,1,1221.18
13974,104,1,264.13,7.133333333333334,3.6093333333333333,1,264.13
13975,72,3,1402.75,4.860627177700349,1.6420209059233448,1,1402.75
13976,28,3,834.38,6.478260869565218,4.893913043478261,1,834.38
13979,98,4,1292.81,4.6775956284153,2.581530054644809,1,1292.81
13980,9,3,297.32,4.205882352941177,3.8444117647058826,1,297.32
13982,21,5,2082.48,11.771929824561404,2.259649122807018,1,2082.48
13983,16,7,3153.52,13.152046783625732,2.2112865497076024,1,3153.52
13984,15,5,640.93,7.886792452830188,2.0075471698113208,1,640.93
13985,84,2,593.23,8.666666666666666,3.4363636363636365,1,593.23
13988,147,1,310.2,9.333333333333334,2.7111111111111112,1,310.2
13989,9,2,705.9,20.046511627906977,1.0951162790697673,1,705.9
13993,58,5,1596.43,8.72463768115942,4.139420289855073,1,1596.43
13995,29,6,1337.66,10.58974358974359,2.267820512820513,1,1337.66
13997,41,3,376.46,3.25,4.535,1,376.46
13998,33,2,278.90000000000003,4.666666666666667,5.373333333333333,1,278.90000000000003
13999,20,12,4036.89,11.155555555555555,2.7993333333333332,1,4036.89
14000,23,3,1188.02,32.23076923076923,2.334230769230769,1,1188.02
14001,15,1,500.57000000000005,9.590909090909092,2.641363636363636,1,500.57000000000005
14003,254,1,209.41,9.3125,2.946875,1,209.41
14006,50,4,1234.48,32.765957446808514,1.5399999999999998,1,1234.48
14007,34,1,79.48,3.2,6.358,1,79.48
14010,87,2,445.15,7.375,2.9145833333333333,1,445.15
14011,2,2,457.82,20.125,1.283125,1,457.82
14013,145,1,174.2,8.4,5.09,1,174.2
14014,98,1,276.65999999999997,32.333333333333336,4.447500000000001,1,276.65999999999997
14016,42,5,5111.42,13.331632653061224,3.1262244897959186,1,5111.42
14017,93,1,229.75,5.214285714285714,4.653571428571429,1,229.75
14018,167,1,367.15,17.23076923076923,2.6284615384615386,1,367.15
14020,51,1,304.68,6.0,4.446666666666667,1,304.68
14021,63,2,479.82,7.096774193548387,4.459354838709678,1,479.82
14022,8,1,352.15000000000003,10.210526315789474,2.5010526315789474,1,352.15000000000003
14025,30,7,3853.5,19.78125,3.3865625,1,3853.5
14026,147,1,386.53000000000003,8.448275862068966,2.263448275862069,1,386.53000000000003
14028,72,3,10396.5,796.6666666666666,1.45,1,10396.5
14030,117,7,3174.18,4.552287581699346,3.4851633986928108,1,3174.18
14031,5,18,14830.48,13.688279301745636,4.490523690773068,1,14830.48
14032,205,3,922.98,26.711111111111112,1.5315555555555556,1,922.98
14033,77,1,109.44,576.0,0.19,1,109.44
14035,91,2,384.6,3.26,2.863,1,384.6
14037,0,4,689.75,6.325581395348837,1.940232558139535,1,689.75
14038,195,1,704.55,12.96551724137931,2.7779310344827586,1,704.55
14039,97,1,115.08000000000001,25.0,4.3125,1,115.08000000000001
14040,12,16,6135.78,6.297297297297297,3.696108108108108,1,6135.78
14042,247,1,431.98,8.571428571428571,3.74,1,431.98
14043,13,2,302.59999999999997,3.707317073170732,2.6529268292682926,1,302.59999999999997
14044,8,4,1216.11,1.5831202046035806,2.571943734015345,1,1216.11
14045,1,9,6110.48,124.3076923076923,3.108076923076923,1,6110.48
14047,1,5,1705.51,10.246913580246913,3.4843209876543213,1,1705.51
14049,13,4,4547.26,7.438692098092643,3.681607629427793,1,4547.26
14051,3,8,3697.96,21.24137931034483,3.7763793103448275,1,3697.96
14053,8,1,170.8,75.0,1.355,1,170.8
14055,99,2,795.3199999999999,21.91304347826087,4.1378260869565215,1,795.3199999999999
14057,0,4,1816.4,8.316129032258065,2.217161290322581,1,1816.4
14058,52,1,321.23,6.684210526315789,3.6836842105263163,1,321.23
14060,34,4,521.1,22.3125,2.901875,1,521.1
14061,29,3,917.4300000000001,7.0,8.654736842105264,1,917.4300000000001
14062,30,6,7065.13,30.59349593495935,3.0727642276422764,1,7065.13
14063,208,7,9471.5,101.26315789473684,5.390789473684211,1,9471.5
14064,13,6,1230.49,10.508771929824562,1.475,1,1230.49
14068,125,3,1250.8700000000001,5.2023809523809526,4.6882142857142854,1,1250.8700000000001
14069,36,2,225.81,1.4146341463414633,4.188292682926829,1,225.81
14070,206,1,321.6,2.073170731707317,4.763414634146342,1,321.6
14072,188,1,390.85,3.4210526315789473,6.4263157894736835,1,390.85
14074,145,1,219.4,38.0,0.9833333333333334,1,219.4
14075,63,1,10.0,1.0,10.0,1,10.0
14078,93,2,395.19,3.1384615384615384,2.8309230769230767,1,395.19
14079,204,1,243.63,1.0,243.63,1,243.63
14080,150,3,694.65,2.7755102040816326,9.45122448979592,1,694.65
14081,120,7,3039.46,3.436823104693141,2.7198916967509024,1,3039.46
14083,33,2,79.29,6.875,2.64875,1,79.29
14084,34,1,150.5,43.714285714285715,0.8885714285714286,1,150.5
14085,26,10,3283.64,4.226063829787234,3.3868617021276597,1,3283.64
14087,257,1,235.44,3.125,1.88328125,1,235.44
14091,176,2,9530.08,255.07692307692307,3.141538461538462,1,9530.08
14092,24,7,1970.7,9.53,3.6121,1,1970.7
14095,244,1,2.95,1.0,2.95,1,2.95
14097,3,2,422.86,8.8,2.175,1,422.86
14099,27,5,1670.5800000000002,5.865853658536586,2.5825,1,1670.5800000000002
14101,10,4,1941.1399999999999,47.666666666666664,1.5405555555555557,1,1941.1399999999999
14104,70,2,370.7,3.218390804597701,2.409425287356322,1,370.7
14105,132,2,2090.35,14.91139240506329,2.8445569620253166,1,2090.35
14106,259,1,214.8,24.0,8.95,1,214.8
14107,34,3,1699.65,14.774193548387096,3.016774193548387,1,1699.65
14108,253,2,447.05,15.5,2.288888888888889,1,447.05
14110,20,17,5543.17,12.207729468599034,3.065942028985507,1,5543.17
14112,84,3,1684.82,9.592592592592593,2.2894444444444444,1,1684.82
14113,48,7,2490.8900000000003,24.43859649122807,2.615964912280702,1,2490.8900000000003
14114,65,2,569.35,8.371428571428572,3.2357142857142858,1,569.35
14115,23,2,622.67,23.136363636363637,2.1922727272727274,1,622.67
14119,240,1,66.47999999999999,40.0,0.96,1,66.47999999999999
14122,250,2,131.58999999999997,8.333333333333334,7.196666666666666,1,131.58999999999997
14123,255,1,436.18,9.75,3.2745833333333336,1,436.18
14128,73,1,286.71,13.157894736842104,1.7815789473684212,1,286.71
14129,13,2,700.62,13.090909090909092,2.133030303030303,1,700.62
14130,250,1,339.87,4.32258064516129,2.029032258064516,1,339.87
14131,170,1,168.22,2.282608695652174,2.179782608695652,1,168.22
14133,255,1,305.5,6.25,15.9625,1,305.5
14134,48,10,6158.56,31.20754716981132,2.8287735849056608,1,6158.56
14135,48,5,2869.76,62.85,0.8673333333333333,1,2869.76
14136,76,4,1210.97,10.654320987654321,3.0598765432098767,1,1210.97
14137,217,1,332.7,42.0,0.8772727272727273,1,332.7
14139,12,3,670.98,12.534883720930232,2.286046511627907,1,670.98
14142,168,1,359.53000000000003,9.318181818181818,3.03,1,359.53000000000003
14144,8,1,30.6,12.0,2.55,1,30.6
14145,59,2,2669.85,59.90909090909091,4.568181818181818,1,2669.85
14146,155,4,1433.6100000000001,10.369047619047619,3.3172619047619043,1,1433.6100000000001
14147,92,3,1372.6,49.72727272727273,2.348181818181818,1,1372.6
14151,195,2,679.45,9.204545454545455,2.928181818181818,1,679.45
14152,16,2,632.41,15.76923076923077,1.304871794871795,1,632.41
14153,5,1,233.39999999999998,18.352941176470587,0.9076470588235294,1,233.39999999999998
14154,42,3,2010.86,10.85981308411215,2.9235514018691586,1,2010.86
14156,0,63,152340.64,50.99475218658892,4.966862973760933,1,152340.64
14157,168,1,152.85,6.555555555555555,3.3833333333333333,1,152.85
14159,37,7,2398.23,3.535632183908046,1.8282298850574712,1,2398.23
14160,132,7,8421.47,43.5607476635514,2.5198130841121498,1,8421.47
14161,10,3,1759.26,5.71875,2.551,1,1759.26
14166,27,2,251.15,1.607843137254902,3.303921568627451,1,251.15
14167,72,3,513.3,2.759259259259259,3.787962962962963,1,513.3
14168,86,1,302.95,8.818181818181818,3.5863636363636364,1,302.95
14171,252,1,135.0,7.333333333333333,3.2566666666666664,1,135.0
14172,127,3,369.02,1.7727272727272727,5.856590909090909,1,369.02
14173,163,2,135.16,11.0,5.12,1,135.16
14175,42,3,2402.07,7.076271186440678,4.7986440677966105,1,2402.07
14177,101,6,727.3,4.36,4.363466666666667,1,727.3
14180,34,3,191.20000000000002,2.4,9.739999999999998,1,191.20000000000002
14181,84,1,213.9,1.8085106382978724,2.6702127659574466,1,213.9
14182,14,3,423.12,4.384615384615385,5.782307692307692,1,423.12
14183,3,1,139.58,1.7333333333333334,5.682,1,139.58
14186,43,4,1185.49,13.721518987341772,1.5694936708860758,1,1185.49
14190,188,1,79.9,2.0,39.95,1,79.9
14191,250,1,15.9,2.0,7.95,1,15.9
14194,16,11,4852.2300000000005,11.33984375,3.06578125,1,4852.2300000000005
14195,103,3,1215.4,144.57142857142858,1.6214285714285714,1,1215.4
14198,63,3,468.95,4.655172413793103,6.429310344827586,1,468.95
14199,42,2,322.65,7.833333333333333,7.116666666666667,1,322.65
14200,139,1,379.2,6.666666666666667,3.9642857142857144,1,379.2
14201,92,2,283.95,10.7,3.37,1,283.95
14202,78,2,333.21000000000004,7.615384615384615,4.8792307692307695,1,333.21000000000004
14204,58,2,711.11,2.3309352517985613,2.828561151079137,1,711.11
14205,31,4,1030.1,13.404255319148936,3.366595744680851,1,1030.1
14207,209,1,157.8,18.0,4.45,1,157.8
14208,73,1,415.31,16.6,2.3848,1,415.31
14209,12,5,1648.3500000000001,7.1976744186046515,4.547093023255814,1,1648.3500000000001
14210,3,7,2938.63,8.128048780487806,3.60530487804878,1,2938.63
14211,19,7,1631.01,9.783018867924529,2.7714150943396225,1,1631.01
14215,209,2,1259.1100000000001,9.140625,4.21359375,1,1259.1100000000001
14217,13,2,689.08,7.555555555555555,5.5,1,689.08
14219,15,1,395.64,9.52,3.0727999999999995,1,395.64
14220,89,2,882.5999999999999,11.529411764705882,4.514705882352941,1,882.5999999999999
14221,19,5,1955.9,10.989010989010989,3.434065934065934,1,1955.9
14224,6,3,667.1,3.3132530120481927,4.797831325301204,1,667.1
14225,14,3,1621.25,12.871428571428572,3.108714285714286,1,1621.25
14227,78,3,2014.43,12.623188405797102,2.257536231884058,1,2014.43
14228,43,2,423.49,7.0,4.5956,1,423.49
14230,70,1,475.5,6.352941176470588,5.669411764705882,1,475.5
14233,112,2,1037.2,17.44,3.498,1,1037.2
14235,20,4,1573.13,15.289855072463768,2.283478260869565,1,1573.13
14236,27,1,301.73,14.764705882352942,2.3541176470588234,1,301.73
14237,112,1,310.14,11.764705882352942,3.051764705882353,1,310.14
14238,184,2,287.38,15.6,4.928,1,287.38
14239,5,9,1462.71,7.30379746835443,3.9284810126582284,1,1462.71
14241,218,1,120.0,48.0,1.25,1,120.0
14244,182,1,366.41999999999996,50.875,1.2475,1,366.41999999999996
14247,45,2,316.98,3.0816326530612246,3.6097959183673467,1,316.98
14248,37,1,311.98,19.904761904761905,1.592857142857143,1,311.98
14249,73,9,4135.691,7.949367088607595,4.029540084388185,1,4135.691
14253,15,2,363.40000000000003,7.333333333333333,5.895833333333333,1,363.40000000000003
14255,68,1,1000.63,1.0,1000.63,1,1000.63
14256,13,3,1491.73,9.1625,4.084875,1,1491.73
14257,23,2,1845.72,12.733333333333333,1.821888888888889,1,1845.72
14258,21,12,14544.72,60.16326530612245,3.953197278911565,1,14544.72
14260,70,1,538.8,10.571428571428571,2.65,1,538.8
14264,94,2,666.84,8.947368421052632,4.49421052631579,1,666.84
14265,134,1,252.52,10.928571428571429,4.2299999999999995,1,252.52
14272,84,2,482.85,16.06451612903226,2.36741935483871,1,482.85
14274,208,1,256.6,11.866666666666667,1.6666666666666667,1,256.6
14275,52,3,376.08,17.77777777777778,2.3433333333333333,1,376.08
14276,6,3,648.24,10.8,2.1892500000000004,1,648.24
14277,9,4,12620.23,1152.171052631579,5.872631578947368,1,12620.23
14279,42,2,191.86,15.333333333333334,4.53,1,191.86
14282,51,5,2308.4,31.923076923076923,1.551153846153846,1,2308.4
14283,23,2,329.65,15.31578947368421,2.3105263157894735,1,329.65
14284,175,1,704.4,9.971428571428572,3.4937142857142858,1,704.4
14285,35,4,1374.41,12.147058823529411,4.3685294117647056,1,1374.41
14286,161,3,2613.02,22.276119402985074,1.3816417910447762,1,2613.02
14290,163,2,1385.1100000000001,10.268292682926829,4.16,1,1385.1100000000001
14291,19,5,2588.06,13.684848484848485,2.0935151515151516,1,2588.06
14292,29,4,1866.33,16.1864406779661,2.7800000000000002,1,1866.33
14293,209,3,1259.35,19.441176470588236,4.002941176470588,1,1259.35
14295,51,3,1329.75,10.326086956521738,3.9478260869565216,1,1329.75
14296,96,1,168.25,10.909090909090908,3.9154545454545455,1,168.25
14298,14,24,25848.69,34.37290167865707,1.5268824940047963,1,25848.69
14299,10,13,6520.05,28.37062937062937,2.8948251748251748,1,6520.05
14301,94,2,928.62,24.866666666666667,3.336,1,928.62
14302,184,2,471.25,8.333333333333334,3.1404761904761904,1,471.25
14304,92,1,671.97,7.666666666666667,3.5628205128205126,1,671.97
14306,21,2,453.28000000000003,63.81818181818182,1.0,1,453.28000000000003
14307,30,4,1292.2,9.24390243902439,3.336585365853659,1,1292.2
14308,71,2,1147.02,1.0,573.51,1,1147.02
14309,72,1,664.24,12.880952380952381,2.591904761904762,1,664.24
14311,89,1,206.19,8.090909090909092,2.7790909090909093,1,206.19
14312,26,1,785.33,11.690909090909091,3.3534545454545452,1,785.33
14315,86,2,716.69,10.09375,3.493125,1,716.69
14316,69,4,1064.1,130.3846153846154,0.9442307692307692,1,1064.1
14320,68,3,868.96,7.76,4.7138,1,868.96
14322,159,2,153.60000000000002,8.0,6.65,1,153.60000000000002
14324,215,1,361.81,9.869565217391305,3.2256521739130433,1,361.81
14325,91,1,245.48000000000002,17.77777777777778,1.1527777777777777,1,245.48000000000002
14326,54,1,307.45,6.136363636363637,4.318181818181818,1,307.45
14327,152,3,945.32,13.267857142857142,1.9948214285714285,1,945.32
14329,12,6,3228.91,9.090452261306533,3.7878391959798994,1,3228.91
14330,145,1,200.63,7.923076923076923,2.6146153846153846,1,200.63
14334,22,2,895.64,12.89795918367347,2.802857142857143,1,895.64
14338,58,1,339.88,15.105263157894736,1.8542105263157893,1,339.88
14341,51,6,1589.67,10.65,2.3129,1,1589.67
14343,31,3,862.23,2.632978723404255,2.481595744680851,1,862.23
14344,6,6,1186.67,3.7815126050420167,3.199075630252101,1,1186.67
14346,19,1,672.93,16.8125,2.2929166666666667,1,672.93
14347,258,1,82.60000000000001,8.0,2.733333333333333,1,82.60000000000001
14355,149,1,301.14,14.08695652173913,1.465217391304348,1,301.14
14361,100,1,214.71,17.928571428571427,2.71,1,214.71
14365,203,1,324.5,11.379310344827585,1.5044827586206895,1,324.5
14366,47,1,136.0,16.0,8.5,1,136.0
14369,164,2,469.13,9.807692307692308,2.9269230769230767,1,469.13
14370,10,5,1053.38,5.069767441860465,6.692790697674419,1,1053.38
14372,121,1,590.35,8.478260869565217,5.26304347826087,1,590.35
14374,63,1,108.0,2.857142857142857,8.364285714285714,1,108.0
14375,63,1,340.95,2.65625,3.47515625,1,340.95
14376,205,1,215.46,2.7777777777777777,3.9299999999999997,1,215.46
14378,143,1,131.25,6.333333333333333,3.6944444444444446,1,131.25
14379,2,1,317.01,6.5227272727272725,2.6986363636363637,1,317.01
14380,204,1,48.96,1.0,48.96,1,48.96
14384,22,1,58.5,10.0,1.95,1,58.5
14388,20,5,1963.2,11.307692307692308,2.4578461538461536,1,1963.2
14389,50,2,535.35,14.925925925925926,2.132222222222222,1,535.35
14391,98,1,135.6,12.0,0.8071428571428572,1,135.6
14394,86,1,93.8,9.666666666666666,2.6,1,93.8
14395,13,7,2997.27,4.8769716088328074,3.067917981072555,1,2997.27
14396,17,5,1481.39,4.170454545454546,2.8101704545454544,1,1481.39
14398,49,1,446.49,6.290322580645161,3.5364516129032255,1,446.49
14399,84,4,1129.08,4.017391304347826,2.6244347826086956,1,1129.08
14400,153,1,656.25,25.73076923076923,1.4423076923076923,1,656.25
14401,14,7,2147.5,22.65671641791045,2.621492537313433,1,2147.5
14402,174,1,285.6,30.0,1.15,1,285.6
14403,111,2,404.7,43.6,4.3839999999999995,1,404.7
14404,17,7,1274.81,9.25925925925926,3.5202469135802468,1,1274.81
14408,82,3,1082.28,34.588235294117645,1.9329411764705882,1,1082.28
14409,7,2,787.95,17.055555555555557,1.8086111111111112,1,787.95
14413,204,2,465.5,13.9,35.215,1,465.5
14415,3,6,3536.14,4.836683417085427,3.3693718592964825,1,3536.14
14420,34,2,844.1,12.173913043478262,3.458260869565217,1,844.1
14421,34,4,1656.26,14.159420289855072,2.504782608695652,1,1656.26
14422,28,9,3384.85,9.117021276595745,3.2216489361702125,1,3384.85
14423,216,1,244.8,96.0,2.55,1,244.8
14425,244,2,422.29,9.038461538461538,3.233846153846154,1,422.29
14426,30,5,4900.58,10.460144927536232,3.5730072463768114,1,4900.58
14427,16,2,900.1800000000001,11.481481481481481,14.311851851851852,1,900.1800000000001
14430,33,3,1220.9,12.742857142857142,3.9128571428571424,1,1220.9
14431,209,1,537.25,10.92,2.39,1,537.25
14435,23,1,90.42,94.0,0.5566666666666666,1,90.42
14436,75,1,182.64,84.0,1.155,1,182.64
14437,6,3,642.34,10.4,3.518333333333333,1,642.34
14439,89,3,6001.74,17.662921348314608,4.854044943820225,1,6001.74
14440,120,4,2093.75,17.285714285714285,4.077714285714285,1,2093.75
14441,30,5,1890.6200000000001,7.318840579710145,5.631159420289856,1,1890.6200000000001
14442,91,2,1621.55,6.053571428571429,8.416964285714284,1,1621.55
14450,132,1,196.08,10.727272727272727,2.7927272727272725,1,196.08
14451,20,7,1614.57,2.925925925925926,2.3065555555555557,1,1614.57
14452,43,1,126.05,2.2413793103448274,2.325862068965517,1,126.05
14454,80,3,581.35,4.029850746268656,2.7804477611940297,1,581.35
14455,10,2,279.15999999999997,14.318181818181818,1.0904545454545453,1,279.15999999999997
14459,173,1,3537.821,20.30263157894737,3.7172500000000004,1,3537.821
14460,108,3,389.04,35.473684210526315,1.5947368421052632,1,389.04
14461,6,7,3184.4900000000002,4.827692307692308,3.305476923076923,1,3184.4900000000002
14463,21,1,256.95,15.5,8.2,1,256.95
14464,90,2,111.0,15.5,3.6875,1,111.0
14465,27,7,2493.21,32.07936507936508,1.9741269841269842,1,2493.21
14466,70,5,1210.85,9.882978723404255,2.3698936170212765,1,1210.85
14467,42,5,811.23,4.0,2.241293103448276,1,811.23
14468,255,1,204.24,13.666666666666666,5.289166666666667,1,204.24
14469,16,3,1410.38,5.905263157894737,3.9117894736842107,1,1410.38
14471,113,2,400.95,4.560975609756097,3.1514634146341467,1,400.95
14472,211,1,266.05,3.090909090909091,3.0320454545454543,1,266.05
14474,101,1,711.23,3.142857142857143,3.4316326530612247,1,711.23
14477,50,2,495.0,100.0,1.6499999999999997,1,495.0
14478,8,3,932.5600000000001,20.57777777777778,2.088888888888889,1,932.5600000000001
14479,255,1,355.13,5.696969696969697,3.0245454545454544,1,355.13
14480,240,1,303.85,8.882352941176471,3.573529411764706,1,303.85
14481,134,2,878.4,7.9324324324324325,2.3906756756756757,1,878.4
14483,258,1,120.0,24.0,1.25,1,120.0
14484,159,2,528.6800000000001,11.36,2.356,1,528.6800000000001
14486,33,2,175.5,15.0,1.95,1,175.5
14489,14,2,765.1,10.23404255319149,1.9500000000000002,1,765.1
14492,52,5,1223.6200000000001,7.0181818181818185,4.9729090909090905,1,1223.6200000000001
14493,29,4,1869.1,7.327683615819209,2.7264406779661017,1,1869.1
14494,253,1,114.3,30.0,3.81,1,114.3
14495,181,1,51.0,6.0,8.5,1,51.0
14496,101,2,1031.74,8.851063829787234,5.301914893617021,1,1031.74
14497,195,1,221.69,8.818181818181818,3.725454545454546,1,221.69
14498,9,3,832.15,3.337078651685393,4.153707865168539,1,832.15
14505,0,10,4958.67,3.0802377414561666,3.1884249628528973,1,4958.67
14506,121,1,391.5,4.333333333333333,7.574166666666667,1,391.5
14507,171,2,392.9,3.903225806451613,4.514516129032257,1,392.9
14508,62,2,291.81,2.0428571428571427,2.95,1,291.81
14509,56,1,110.95,1.52,3.51,1,110.95
14512,36,4,623.6800000000001,7.7,2.39375,1,623.6800000000001
14513,90,1,271.46000000000004,27.2,2.5140000000000002,1,271.46000000000004
14514,34,5,2445.64,6.815,2.30965,1,2445.64
14515,72,1,196.1,6.0,1.8475000000000001,1,196.1
14516,38,1,151.17,1.8,2.86,1,151.17
14519,205,2,203.14,2.1315789473684212,2.8023684210526314,1,203.14
14521,13,1,199.45000000000002,12.411764705882353,2.4147058823529415,1,199.45000000000002
14522,117,4,773.88,15.392857142857142,2.7017857142857147,1,773.88
14525,5,6,2577.31,12.309352517985612,2.4000000000000004,1,2577.31
14527,9,48,16145.29,2.920152091254753,5.227627376425856,1,16145.29
14530,42,7,1904.45,5.161849710982659,2.943005780346821,1,1904.45
14531,1,1,376.34,8.96551724137931,2.464827586206897,1,376.34
14532,52,5,2141.3,3.265402843601896,3.976872037914692,1,2141.3
14533,100,2,789.7099999999999,24.294117647058822,4.911764705882353,1,789.7099999999999
14534,51,3,800.32,4.837209302325581,3.0044186046511627,1,800.32
14535,29,5,2641.65,2.704761904761905,3.172095238095238,1,2641.65
14537,145,1,285.84,8.307692307692308,4.722307692307693,1,285.84
14538,52,3,982.59,3.909090909090909,10.20969696969697,1,982.59
14540,48,5,1453.8700000000001,4.881118881118881,3.5997902097902097,1,1453.8700000000001
14541,1,5,939.78,6.582089552238806,2.9231343283582087,1,939.78
14543,20,18,7284.8,11.466666666666667,7.586190476190476,1,7284.8
14545,196,1,349.25,10.26086956521739,4.127826086956522,1,349.25
14546,31,4,1800.28,3.488970588235294,2.395330882352941,1,1800.28
14548,6,7,1888.49,6.886792452830188,3.0865094339622643,1,1888.49
14549,115,2,507.36,2.4444444444444446,2.7941975308641975,1,507.36
14550,5,1,289.51,9.407407407407407,2.0144444444444445,1,289.51
14551,24,2,178.85,17.571428571428573,3.5928571428571425,1,178.85
14552,114,1,173.72,1.631578947368421,1.9036842105263159,1,173.72
14553,31,2,478.81,3.8333333333333335,1.7540000000000002,1,478.81
14555,49,3,1277.64,7.580645161290323,3.8208064516129037,1,1277.64
14556,118,3,815.69,1.6479591836734695,2.759642857142857,1,815.69
14558,176,3,655.5,10.8,7.963333333333334,1,655.5
14560,1,15,3058.43,26.597826086956523,4.188586956521739,1,3058.43
14562,10,6,928.9200000000001,4.049180327868853,2.188196721311475,1,928.9200000000001
14563,31,2,640.54,2.6320754716981134,4.323207547169811,1,640.54
14564,257,1,989.1800000000001,11.256410256410257,3.737948717948718,1,989.1800000000001
14566,55,1,845.0,83.33333333333333,1.7166666666666668,1,845.0
14569,15,2,236.4,7.529411764705882,1.9676470588235295,1,236.4
14572,80,2,986.25,6.329268292682927,3.759512195121951,1,986.25
14573,66,4,523.3,1.7951807228915662,4.384819277108433,1,523.3
14574,254,1,143.70000000000002,5.7272727272727275,2.768181818181818,1,143.70000000000002
14575,10,1,420.22,2.263888888888889,3.2468055555555555,1,420.22
14577,203,2,320.79,3.864864864864865,2.6983783783783784,1,320.79
14580,40,1,14.85,3.0,4.95,1,14.85
14581,66,1,271.05,2.0232558139534884,3.2802325581395344,1,271.05
14583,55,2,497.43,2.0655737704918034,2.7136065573770494,1,497.43
14584,49,3,540.7,5.204301075268817,2.161290322580645,1,540.7
14588,100,1,135.39,3.875,2.799375,1,135.39
14590,1,18,2648.91,4.714285714285714,3.9124999999999996,1,2648.91
14593,58,7,1938.44,2.9594594594594597,2.723412162162162,1,1938.44
14595,210,1,202.35,5.7,1.7425000000000002,1,202.35
14596,148,1,222.22,1.4150943396226414,3.500566037735849,1,222.22
14598,91,1,162.07,4.125,1.35225,1,162.07
14599,31,1,178.89000000000001,6.071428571428571,3.593571428571429,1,178.89000000000001
14602,178,1,205.35999999999999,2.5806451612903225,3.558709677419355,1,205.35999999999999
14604,155,1,143.85999999999999,3.8260869565217392,2.028695652173913,1,143.85999999999999
14605,119,3,574.36,3.5,3.5433333333333334,1,574.36
14606,2,71,13029.16,2.3148485954031375,2.8963772345859176,1,13029.16
14607,59,7,7388.63,30.65289256198347,2.9599173553719007,1,7388.63
14608,37,5,857.24,22.53846153846154,4.067692307692308,1,857.24
14609,43,4,390.24,264.85714285714283,0.37714285714285717,1,390.24
14610,36,1,13.45,1.8333333333333333,1.5333333333333332,1,13.45
14611,120,1,291.4,14.052631578947368,1.8631578947368421,1,291.4
14613,202,1,76.32000000000001,72.0,1.06,1,76.32000000000001
14615,26,3,515.75,9.379310344827585,3.2455172413793103,1,515.75
14616,70,1,42.5,50.0,0.85,1,42.5
14618,68,1,245.73000000000002,10.555555555555555,4.976666666666667,1,245.73000000000002
14619,63,1,896.8,11.05,3.31875,1,896.8
14621,33,4,1212.21,10.64179104477612,2.259850746268657,1,1212.21
14623,56,3,675.33,3.142857142857143,2.4525892857142857,1,675.33
14624,56,3,487.66,12.483870967741936,2.641935483870968,1,487.66
14625,9,4,1924.2,8.752,3.54256,1,1924.2
14626,29,5,1885.62,16.466666666666665,2.185222222222222,1,1885.62
14628,163,2,693.73,10.473684210526315,3.698157894736842,1,693.73
14630,6,1,338.65,5.285714285714286,5.104761904761905,1,338.65
14631,9,1,317.95,14.578947368421053,4.217368421052631,1,317.95
14634,56,2,1747.06,17.84090909090909,2.1985227272727275,1,1747.06
14637,199,1,106.68,14.285714285714286,1.4457142857142855,1,106.68
14639,41,2,1353.0900000000001,7.6117647058823525,3.798235294117647,1,1353.0900000000001
14640,35,3,1202.63,7.949367088607595,2.721139240506329,1,1202.63
14643,139,3,986.08,18.129032258064516,3.956774193548387,1,986.08
14644,16,2,743.5,14.538461538461538,3.411538461538462,1,743.5
14645,156,1,279.8,11.444444444444445,3.0805555555555557,1,279.8
14646,1,43,155996.89,97.84493964716806,2.5418105849582173,1,155996.89
14647,45,1,270.0,4.2,4.62,1,270.0
14648,33,12,3806.17,7.0880195599022,2.0909779951100247,1,3806.17
14649,84,3,1278.04,4.3604060913705585,3.2597969543147207,1,1278.04
14650,111,1,62.5,5.5,6.85,1,62.5
14651,51,5,929.47,3.5591397849462365,4.023440860215054,1,929.47
14653,35,5,1666.41,6.918918918918919,4.126554054054054,1,1666.41
14654,260,1,246.86,10.11111111111111,1.3277777777777777,1,246.86
14655,44,2,1533.74,25.0,3.1055882352941175,1,1533.74
14656,35,2,315.77,1.5421686746987953,3.037710843373494,1,315.77
14662,154,2,218.25,2.4166666666666665,2.326388888888889,1,218.25
14665,114,1,279.6,8.583333333333334,2.7916666666666665,1,279.6
14667,16,20,7070.7300000000005,8.488839285714286,3.3823660714285713,1,7070.7300000000005
14669,155,4,1957.54,5.760180995475113,2.6171945701357466,1,1957.54
14670,254,1,190.47,1.7321428571428572,2.285,1,190.47
14671,71,2,1127.45,10.381818181818181,3.2132727272727273,1,1127.45
14672,37,2,347.59,4.266666666666667,2.702888888888889,1,347.59
14674,31,1,173.66,7.357142857142857,2.6799999999999997,1,173.66
14676,52,3,1091.64,50.608695652173914,1.5430434782608697,1,1091.64
14677,114,1,184.91,9.928571428571429,2.37,1,184.91
14678,101,1,403.39,7.458333333333333,3.4783333333333335,1,403.39
14679,43,2,916.9,9.951219512195122,4.037560975609756,1,916.9
14680,0,35,21417.92,11.834444444444445,2.8189222222222226,1,21417.92
14681,166,2,168.0,3.6,6.2,1,168.0
14682,57,3,606.17,8.090909090909092,4.787575757575758,1,606.17
14683,110,1,146.56,18.38095238095238,1.1690476190476191,1,146.56
14685,98,8,4536.64,10.529411764705882,3.2058823529411766,1,4536.64
14686,181,2,302.92,2.2580645161290325,1.8324731182795697,1,302.92
14687,73,1,311.66,13.8,2.398,1,311.66
14692,6,5,591.09,4.348484848484849,2.985757575757576,1,591.09
14693,5,3,420.96000000000004,5.515151515151516,3.7684848484848485,1,420.96000000000004
14694,139,1,244.31,12.866666666666667,2.7386666666666666,1,244.31
14695,41,3,1534.22,8.060975609756097,3.43719512195122,1,1534.22
14699,15,2,417.54,9.071428571428571,2.4917857142857143,1,417.54
14700,7,1,341.37,4.241379310344827,3.1348275862068964,1,341.37
14701,44,3,1009.2,2.719178082191781,3.2800684931506847,1,1009.2
14702,6,9,2458.05,4.084558823529412,3.866911764705882,1,2458.05
14704,146,1,112.14,1.457142857142857,2.394,1,112.14
14706,140,1,367.54,9.84,2.6275999999999997,1,367.54
14707,98,1,69.6,48.0,1.45,1,69.6
14709,10,8,2797.35,9.588235294117647,4.2419327731092435,1,2797.35
14710,44,7,978.47,2.47787610619469,1.9791592920353984,1,978.47
14713,20,7,1423.05,4.744186046511628,1.909720930232558,1,1423.05
14714,97,2,463.12,4.4,2.6925,1,463.12
14715,42,3,794.87,4.876923076923077,3.3963076923076922,1,794.87
14717,255,1,81.3,2.909090909090909,3.313636363636364,1,81.3
14722,8,1,189.05,1.5,3.5026315789473683,1,189.05
14723,64,3,428.89,3.7333333333333334,1.847777777777778,1,428.89
14724,112,1,341.9,4.487804878048781,2.5709756097560974,1,341.9
14725,56,2,266.81,8.814814814814815,1.952962962962963,1,266.81
14726,176,1,116.5,5.466666666666667,2.256666666666667,1,116.5
14727,68,2,195.15,11.0,1.1002777777777777,1,195.15
14729,147,2,272.75,2.8688524590163933,1.9118032786885246,1,272.75
14732,27,9,1979.95,6.114583333333333,4.757708333333333,1,1979.95
14734,15,2,437.08,3.5,6.610714285714286,1,437.08
14735,22,16,3922.87,13.363636363636363,3.595206611570248,1,3922.87
14736,7,2,374.05,1.6818181818181819,3.1388636363636366,1,374.05
14738,83,2,507.45,6.0,5.7565384615384625,1,507.45
14739,21,12,5051.62,27.529411764705884,2.7501470588235293,1,5051.62
14740,78,5,1535.44,8.885714285714286,4.265571428571429,1,1535.44
14743,114,1,50.480000000000004,13.333333333333334,1.3299999999999998,1,50.480000000000004
14744,85,4,1137.7,7.138888888888889,4.545694444444445,1,1137.7
14745,23,7,1331.15,13.112676056338028,2.437605633802817,1,1331.15
14748,42,3,728.37,17.622222222222224,1.9415555555555557,1,728.37
14749,1,1,310.15,22.38888888888889,1.705,1,310.15
14750,258,1,112.03,2.03125,2.634375,1,112.03
14751,206,2,126.45,9.285714285714286,2.635714285714286,1,126.45
14754,49,3,502.88,3.5454545454545454,2.985909090909091,1,502.88
14755,34,10,2977.2200000000003,8.717105263157896,4.107434210526316,1,2977.2200000000003
14758,30,2,1059.55,6.42,5.3629999999999995,1,1059.55
14762,148,1,117.05,9.666666666666666,3.112222222222222,1,117.05
14766,33,2,2021.98,14.472222222222221,2.0562962962962965,1,2021.98
14769,51,5,2689.1,12.733333333333333,2.3353888888888887,1,2689.1
14770,42,5,2457.56,7.669291338582677,4.200551181102362,1,2457.56
14771,143,2,594.62,13.23404255319149,1.145531914893617,1,594.62
14773,114,1,140.55,5.3,5.0,1,140.55
14774,50,1,241.45000000000002,7.615384615384615,5.203846153846153,1,241.45000000000002
14783,181,1,307.3,15.411764705882353,2.518823529411765,1,307.3
14786,72,1,90.96,16.0,1.0057142857142858,1,90.96
14788,118,1,476.88,10.642857142857142,2.981785714285714,1,476.88
14790,55,4,1035.44,19.43548387096774,2.007096774193548,1,1035.44
14791,128,1,303.63,6.684210526315789,3.4626315789473687,1,303.63
14793,57,1,396.91,10.8,2.2836000000000003,1,396.91
14794,9,1,121.59,6.666666666666667,2.5633333333333335,1,121.59
14796,139,4,748.55,2.84375,3.4398958333333334,1,748.55
14797,29,1,300.31,6.1875,4.170625,1,300.31
14798,54,4,530.17,12.2,1.6174285714285714,1,530.17
14799,259,1,180.45000000000002,34.9,3.415,1,180.45000000000002
14805,38,2,355.75,3.9285714285714284,4.31375,1,355.75
14807,171,1,349.64,7.333333333333333,2.3975,1,349.64
14809,143,2,686.76,12.88888888888889,3.8755555555555556,1,686.76
14812,120,1,178.85,3.75,2.0130555555555554,1,178.85
14813,132,1,435.65999999999997,2.135593220338983,4.23593220338983,1,435.65999999999997
14814,103,1,154.21,3.1,2.549,1,154.21
14817,34,3,1559.73,11.904255319148936,3.9578723404255323,1,1559.73
14818,44,2,373.2,3.9361702127659575,3.2806382978723403,1,373.2
14819,16,2,184.34,1.4878048780487805,3.6053658536585362,1,184.34
14820,114,2,265.12,15.666666666666666,3.8891666666666667,1,265.12
14821,154,3,293.65,11.166666666666666,5.883333333333333,1,293.65
14822,7,1,157.7,10.444444444444445,2.677777777777778,1,157.7
14824,86,3,1614.65,10.576923076923077,2.3371794871794873,1,1614.65
14825,29,7,1393.96,6.585585585585585,2.64981981981982,1,1393.96
14826,103,2,385.2,15.2,3.0450000000000004,1,385.2
14828,19,7,5810.64,98.3225806451613,1.5519354838709678,1,5810.64
14831,202,3,1676.57,10.792682926829269,3.1787804878048784,1,1676.57
14832,152,1,322.69,1.0,322.69,1,322.69
14833,20,1,94.8,8.285714285714286,2.0,1,94.8
14835,50,2,297.0,90.0,1.65,1,297.0
14837,10,3,1050.46,15.639344262295081,1.5755737704918034,1,1050.46
14838,258,1,119.10000000000001,4.5,6.2,1,119.10000000000001
14839,101,2,609.08,9.245283018867925,2.4373584905660377,1,609.08
14840,61,1,299.86,8.222222222222221,2.8294444444444444,1,299.86
14841,15,6,2640.09,15.710526315789474,2.9830701754385966,1,2640.09
14844,16,3,2690.5,16.641025641025642,2.8154700854700856,1,2690.5
14845,121,1,150.0,600.0,0.25,1,150.0
14847,86,1,304.79999999999995,12.0,2.430769230769231,1,304.79999999999995
14849,12,13,5682.28,17.95617529880478,2.3091633466135457,1,5682.28
14850,90,2,473.32,4.204819277108434,2.130240963855422,1,473.32
14851,152,1,318.06,21.857142857142858,1.8550000000000002,1,318.06
14852,33,7,1785.24,15.34375,1.8872916666666668,1,1785.24
14853,65,2,581.87,10.4375,6.615,1,581.87
14854,23,3,1255.58,13.090909090909092,2.3192207792207795,1,1255.58
14855,29,3,4737.41,21.516393442622952,2.6336065573770493,1,4737.41
14857,78,3,1586.8210000000001,10.313725490196079,3.1665784313725487,1,1586.8210000000001
14858,27,1,180.75,9.545454545454545,1.95,1,180.75
14859,76,1,351.9,27.125,2.79625,1,351.9
14861,9,6,781.63,8.555555555555555,2.6512962962962967,1,781.63
14865,260,1,31.200000000000003,48.0,0.65,1,31.200000000000003
14867,52,12,1883.38,6.819277108433735,6.1653012048192775,1,1883.38
14869,185,2,1120.56,7.3,2.09975,1,1120.56
14870,36,4,1119.65,6.743589743589744,5.220512820512821,1,1119.65
14871,15,5,726.89,2.6435643564356437,3.6062376237623766,1,726.89
14872,5,3,816.6,15.395348837209303,1.7832558139534884,1,816.6
14873,155,1,334.45,6.809523809523809,3.8880952380952385,1,334.45
14874,57,1,116.18,24.666666666666668,1.1966666666666668,1,116.18
14876,43,2,256.7,12.461538461538462,2.4892307692307694,1,256.7
14877,164,1,206.7,3.03125,2.70625,1,206.7
14878,17,10,1627.0900000000001,7.337837837837838,2.678783783783784,1,1627.0900000000001
14879,206,1,185.06,3.8518518518518516,3.095925925925926,1,185.06
14882,37,8,1104.3,29.0,4.073333333333333,1,1104.3
14884,191,1,120.6,9.0,1.875,1,120.6
14890,140,2,691.6,11.7,2.1434,1,691.6
14892,212,1,202.35000000000002,6.076923076923077,3.5115384615384615,1,202.35000000000002
14893,139,1,571.76,7.515151515151516,3.0736363636363637,1,571.76
14894,259,1,299.70000000000005,18.0,5.75,1,299.70000000000005
14895,36,14,8356.130000000001,12.295275590551181,5.46767716535433,1,8356.130000000001
14896,35,6,1357.23,3.104761904761905,2.7140476190476193,1,1357.23
14897,114,2,621.66,9.771428571428572,3.314857142857143,1,621.66
14898,21,6,1440.67,5.75,3.083357142857143,1,1440.67
14900,44,1,13.919999999999998,48.0,0.29,1,13.919999999999998
14901,20,1,173.36,6.222222222222222,3.7077777777777783,1,173.36
14902,75,1,398.40000000000003,10.0,3.202083333333333,1,398.40000000000003
14905,29,4,977.7,12.682926829268293,2.5609756097560976,1,977.7
14907,124,1,294.72,6.111111111111111,5.068888888888889,1,294.72
14909,86,2,1105.28,10.59375,2.93703125,1,1105.28
14911,0,107,79143.78,11.162335470806616,6.548707391157611,1,79143.78
14912,112,2,497.0,22.0,4.127368421052632,1,497.0
14913,7,1,651.46,14.666666666666666,2.4208333333333334,1,651.46
14915,51,4,658.61,6.675675675675675,4.4497297297297305,1,658.61
14916,101,3,1218.81,22.452380952380953,2.2561904761904765,1,1218.81
14917,118,2,1123.75,30.724137931034484,2.2327586206896552,1,1123.75
14918,12,5,2565.55,20.220338983050848,3.9559322033898305,1,2565.55
14919,61,1,359.35,9.923076923076923,3.2192307692307693,1,359.35
14920,87,1,629.4,9.425,3.2082500000000005,1,629.4
14922,29,1,540.29,7.424242424242424,4.208181818181818,1,540.29
14924,132,2,620.96,11.80952380952381,7.221904761904763,1,620.96
14926,120,1,220.2,54.0,4.1,1,220.2
14928,149,1,223.91000000000003,12.761904761904763,1.3942857142857144,1,223.91000000000003
14930,85,2,2005.63,6.514563106796117,5.743592233009709,1,2005.63
14935,141,1,1065.1200000000001,62.25,1.1112499999999998,1,1065.1200000000001
14936,105,2,1194.48,9.573770491803279,4.472786885245902,1,1194.48
14938,84,2,2322.43,19.281690140845072,2.998169014084507,1,2322.43
14940,255,1,182.01,10.5,1.814,1,182.01
14941,100,1,182.1,11.428571428571429,2.3428571428571425,1,182.1
14942,114,3,440.78,15.692307692307692,2.707692307692308,1,440.78
14943,185,1,107.62,9.2,3.184,1,107.62
14944,0,4,2461.7200000000003,16.617021276595743,2.921595744680851,1,2461.7200000000003
14947,51,3,588.52,6.516129032258065,5.878709677419355,1,588.52
14949,170,3,330.77000000000004,8.833333333333334,3.2033333333333336,1,330.77000000000004
14952,48,13,5150.4,15.692307692307692,3.803589743589743,1,5150.4
14954,225,1,167.27,2.2439024390243905,2.9502439024390243,1,167.27
14955,254,1,163.77,2.3870967741935485,2.626451612903226,1,163.77
14957,166,1,203.2,3.9375,2.95,1,203.2
14958,117,3,458.26,4.0,5.434666666666667,1,458.26
14961,21,7,6580.02,12.608247422680412,2.8224742268041236,1,6580.02
14962,61,3,240.21000000000004,8.777777777777779,4.321111111111112,1,240.21000000000004
14963,47,1,189.66,5.515151515151516,2.182424242424242,1,189.66
14966,245,2,324.46999999999997,12.159090909090908,2.3813636363636363,1,324.46999999999997
14967,181,2,769.61,16.285714285714285,3.3885714285714283,1,769.61
14969,225,1,906.23,51.15384615384615,3.2392307692307694,1,906.23
14970,52,7,2854.79,9.194444444444445,3.872916666666667,1,2854.79
14977,247,1,31.93,4.25,2.46,1,31.93
14978,30,4,857.58,2.6379310344827585,6.846896551724138,1,857.58
14979,257,1,429.66,4.26530612244898,3.037755102040816,1,429.66
14980,259,1,150.68,3.2916666666666665,3.4875000000000003,1,150.68
14982,94,1,237.78,3.2051282051282053,2.505897435897436,1,237.78
14983,211,1,183.20000000000002,3.0,2.57,1,183.20000000000002
14984,73,3,509.5,11.23076923076923,5.111538461538462,1,509.5
14986,206,1,323.38,3.3333333333333335,2.5807843137254904,1,323.38
14987,240,4,566.6999999999999,31.142857142857142,4.0928571428571425,1,566.6999999999999
14988,106,2,491.42,7.275862068965517,2.030689655172414,1,491.42
14989,183,1,342.4,11.11111111111111,3.0944444444444446,1,342.4
14990,134,2,304.17,3.0714285714285716,2.347857142857143,1,304.17
14993,85,1,36.13,2.1,1.714,1,36.13
14994,110,2,346.44,1.7966101694915255,1.9478813559322032,1,346.44
14996,3,2,442.28999999999996,9.853658536585366,2.2653658536585364,1,442.28999999999996
14997,177,1,230.4,24.0,0.9133333333333332,1,230.4
14998,127,1,113.49,1.0,8.106428571428571,1,113.49
14999,114,1,129.48000000000002,9.777777777777779,3.2355555555555555,1,129.48000000000002
15002,29,5,2496.32,6.09009009009009,2.76036036036036,1,2496.32
15003,148,5,855.7,1.6007751937984496,2.4123643410852713,1,855.7
15005,7,20,5141.75,3.4487750556792873,2.5134521158129175,1,5141.75
15008,2,2,360.0,125.0,0.3,1,360.0
15012,98,1,241.22,2.289855072463768,2.7715942028985507,1,241.22
15013,9,10,1610.82,5.044117647058823,1.6033823529411764,1,1610.82
15015,23,13,2354.97,5.387755102040816,2.119761904761905,1,2354.97
15016,65,1,140.31,2.225806451612903,2.9648387096774194,1,140.31
15021,20,1,235.07,1.2820512820512822,2.6226923076923074,1,235.07
15022,199,1,281.05,5.947368421052632,2.744736842105263,1,281.05
15023,20,7,3513.12,4.325077399380805,4.033808049535604,1,3513.12
15025,90,1,617.83,4.430555555555555,3.385277777777778,1,617.83
15027,85,4,1156.16,13.227272727272727,4.162954545454546,1,1156.16
15029,141,1,365.1,23.4,2.722,1,365.1
15030,73,3,946.5300000000001,28.157894736842106,4.402631578947369,1,946.5300000000001
15031,61,7,1945.84,4.52970297029703,2.622970297029703,1,1945.84
15032,8,3,2783.95,87.0,2.8131578947368423,1,2783.95
15034,47,2,1110.7,5.115942028985507,2.9065217391304348,1,1110.7
15039,2,31,11157.04,8.442434210526315,3.2217927631578944,1,11157.04
15040,63,1,7.49,1.0,7.49,1,7.49
15042,117,1,179.52,52.0,0.74,1,179.52
15043,13,3,1249.42,8.5,3.2704761904761903,1,1249.42
15044,42,10,5190.38,5.527777777777778,4.506354166666666,1,5190.38
15046,10,9,2138.81,5.801136363636363,3.376022727272727,1,2138.81
15050,2,1,1287.0900000000001,14.479166666666666,2.779375,1,1287.0900000000001
15051,22,4,1539.49,12.857142857142858,1.975142857142857,1,1539.49
15055,115,2,411.67,2.026315789473684,3.251578947368421,1,411.67
15056,42,1,113.65,11.5,3.4333333333333336,1,113.65
15057,147,2,865.0400000000001,12.785714285714286,2.983571428571429,1,865.0400000000001
15058,114,2,511.25,8.409090909090908,3.936363636363636,1,511.25
15059,72,6,1279.35,3.0673575129533677,2.9950777202072536,1,1279.35
15061,0,50,48940.59,85.48342541436465,2.3950552486187844,1,48940.59
15062,22,3,1062.43,9.942028985507246,2.5915942028985506,1,1062.43
15064,14,3,864.0600000000001,9.60377358490566,4.998301886792453,1,864.0600000000001
15067,129,1,764.64,13.578947368421053,3.4257894736842105,1,764.64
15068,143,1,334.87,3.4745762711864407,2.356101694915254,1,334.87
15070,113,2,630.85,9.774193548387096,3.638709677419355,1,630.85
15071,92,1,166.24,5.636363636363637,4.285454545454545,1,166.24
15072,1,1,187.52,12.615384615384615,1.4115384615384616,1,187.52
15073,118,2,725.78,10.627906976744185,3.149767441860465,1,725.78
15076,14,2,566.89,9.516129032258064,3.770322580645161,1,566.89
15077,16,2,2428.08,16.5,5.1396875,1,2428.08
15078,6,13,5324.15,11.0084388185654,3.0864556962025316,1,5324.15
15079,23,5,2385.69,10.173913043478262,3.8630434782608694,1,2385.69
15080,23,1,361.35,8.65,2.75,1,361.35
15081,15,3,815.4,8.9,3.88125,1,815.4
15082,190,1,93.35000000000001,7.166666666666667,2.2416666666666667,1,93.35000000000001
15084,167,1,349.4,7.0,6.2875000000000005,1,349.4
15085,251,1,347.54,18.77777777777778,2.3233333333333333,1,347.54
15086,86,2,218.53,8.636363636363637,2.8854545454545457,1,218.53
15091,196,2,565.9,8.74074074074074,3.184814814814815,1,565.9
15093,20,8,5735.400000000001,33.57692307692308,2.04474358974359,1,5735.400000000001
15094,166,1,50.0,5.333333333333333,3.25,1,50.0
15095,14,4,1254.29,13.083333333333334,2.6478333333333333,1,1254.29
15097,105,2,660.27,6.195121951219512,3.6407317073170735,1,660.27
15100,223,1,217.2,9.142857142857142,3.8785714285714286,1,217.2
15101,37,4,1160.41,8.7,4.4618,1,1160.41
15102,52,2,554.67,12.555555555555555,3.2955555555555556,1,554.67
15105,148,1,330.38,9.2,2.6710000000000003,1,330.38
15109,101,2,498.15000000000003,6.35,4.8075,1,498.15000000000003
15110,7,1,301.65,4.9,8.9,1,301.65
15111,114,1,286.81,9.588235294117647,4.4276470588235295,1,286.81
15112,133,1,209.4,10.285714285714286,4.357142857142857,1,209.4
15115,254,1,191.74,6.285714285714286,2.8485714285714288,1,191.74
15117,156,2,359.69,15.576923076923077,1.4492307692307693,1,359.69
15122,20,5,2154.09,8.064220183486238,3.8701834862385325,1,2154.09
15123,155,1,456.65999999999997,14.25,1.7491666666666665,1,456.65999999999997
15124,173,1,134.03,5.285714285714286,7.755714285714285,1,134.03
15125,1,9,5496.39,19.82300884955752,4.550442477876107,1,5496.39
15126,58,2,449.49,10.92,2.8027999999999995,1,449.49
15127,41,1,304.97,17.75,4.706666666666667,1,304.97
15129,6,7,2189.85,20.74025974025974,2.0167532467532467,1,2189.85
15133,42,1,518.78,10.76923076923077,3.8607692307692307,1,518.78
15135,78,1,166.63,3.727272727272727,5.935454545454545,1,166.63
15137,42,2,823.4,17.529411764705884,2.1173529411764704,1,823.4
15141,40,6,1239.82,15.742857142857142,1.854857142857143,1,1239.82
15142,6,2,1283.06,15.093333333333334,2.1526666666666667,1,1283.06
15144,0,7,3457.82,16.676056338028168,3.814929577464789,1,3457.82
15149,98,4,1033.81,5.478260869565218,8.139565217391304,1,1033.81
15150,65,1,2024.06,12.945736434108527,2.327286821705427,1,2024.06
15151,31,1,969.35,7.45,33.8925,1,969.35
15152,223,1,518.14,10.0,1.956551724137931,1,518.14
15154,0,2,1089.44,2.392156862745098,4.494313725490196,1,1089.44
15157,91,2,718.04,39.77777777777778,1.3829629629629632,1,718.04
15162,253,1,312.9,6.166666666666667,4.633333333333334,1,312.9
15164,38,4,721.43,2.035928143712575,2.5662275449101797,1,721.43
15167,195,1,659.43,2.959016393442623,3.467950819672131,1,659.43
15169,248,1,356.17,4.591836734693878,2.395918367346939,1,356.17
15173,56,5,1085.83,9.852459016393443,2.6536065573770493,1,1085.83
15176,189,1,988.0400000000001,8.615384615384615,4.427307692307692,1,988.0400000000001
15179,48,6,4084.73,14.644171779141104,3.516871165644172,1,4084.73
15180,111,1,452.84000000000003,13.178571428571429,2.290714285714286,1,452.84000000000003
15181,253,1,162.72,48.0,3.39,1,162.72
15182,21,4,1622.271,9.924242424242424,3.462287878787879,1,1622.271
15183,69,3,639.93,7.815789473684211,3.783157894736842,1,639.93
15184,245,1,123.19,14.636363636363637,1.89,1,123.19
15186,98,2,518.86,12.117647058823529,3.398823529411765,1,518.86
15188,247,1,310.43,10.130434782608695,2.6047826086956523,1,310.43
15189,31,1,202.44,39.0,3.3775,1,202.44
15191,210,2,342.75,7.666666666666667,3.8904761904761904,1,342.75
15192,97,2,622.07,13.25,2.3592500000000003,1,622.07
15194,125,6,2214.9900000000002,18.166666666666668,2.1367777777777777,1,2214.9900000000002
15196,248,1,149.7,2.869565217391304,2.5413043478260873,1,149.7
15197,250,1,117.96000000000001,15.0,2.035,1,117.96000000000001
15198,139,2,207.31,8.0625,3.88625,1,207.31
15199,16,3,938.95,8.678571428571429,4.2125,1,938.95
15200,16,1,549.0500000000001,6.5,3.796666666666667,1,549.0500000000001
15201,133,1,293.06,16.466666666666665,1.9306666666666668,1,293.06
15203,5,7,1937.45,12.374193548387098,1.4374193548387098,1,1937.45
15207,69,1,408.0,21.09090909090909,1.731818181818182,1,408.0
15209,252,1,178.98000000000002,7.230769230769231,3.483846153846154,1,178.98000000000002
15210,97,1,301.92,14.823529411764707,4.1905882352941175,1,301.92
15215,106,2,466.22,7.12,4.69,1,466.22
15216,140,1,389.49,8.590909090909092,3.8277272727272726,1,389.49
15217,85,1,426.24,6.785714285714286,3.715,1,426.24
15218,15,9,4568.47,13.387434554973822,2.898429319371728,1,4568.47
15219,170,1,379.7,13.294117647058824,2.486470588235294,1,379.7
15221,115,2,787.15,8.692307692307692,7.811538461538461,1,787.15
15222,22,9,2724.61,30.866666666666667,1.1355,1,2724.61
15223,131,3,662.2,12.285714285714286,4.107142857142857,1,662.2
15224,34,3,549.28,13.857142857142858,2.5352380952380953,1,549.28
15227,92,2,658.86,6.611111111111111,4.551666666666667,1,658.86
15228,21,1,960.41,10.446808510638299,3.433404255319149,1,960.41
15229,108,1,160.5,12.666666666666666,1.6055555555555556,1,160.5
15231,143,1,250.26000000000002,13.571428571428571,1.862142857142857,1,250.26000000000002
15240,54,3,1482.73,10.366666666666667,3.4696666666666665,1,1482.73
15241,92,2,848.26,17.132075471698112,1.339811320754717,1,848.26
15244,188,1,280.51,4.785714285714286,8.412857142857144,1,280.51
15245,1,3,1274.14,17.395833333333332,1.8275,1,1274.14
15246,77,1,266.25,6.222222222222222,3.0444444444444447,1,266.25
15247,59,1,311.56,33.142857142857146,1.932857142857143,1,311.56
15248,56,1,1222.91,10.635135135135135,2.771216216216216,1,1222.91
15249,34,4,2142.64,9.288,3.6616,1,2142.64
15250,163,1,60.0,16.0,1.25,1,60.0
15251,20,9,8899.51,51.44859813084112,3.7925233644859815,1,8899.51
15252,98,2,992.87,13.49090909090909,2.586909090909091,1,992.87
15253,44,2,912.7900000000001,11.673076923076923,2.513076923076923,1,912.7900000000001
15254,68,2,787.99,8.89795918367347,3.6957142857142857,1,787.99
15255,5,3,745.59,11.58695652173913,2.1943478260869567,1,745.59
15256,83,1,71.95,9.25,2.0,1,71.95
15259,34,4,1182.3799999999999,11.070175438596491,8.15719298245614,1,1182.3799999999999
15260,13,15,4061.09,8.75925925925926,3.6233796296296297,1,4061.09
15262,10,1,127.07000000000001,9.0,2.8655555555555554,1,127.07000000000001
15264,52,1,454.66,5.5625,3.9040625,1,454.66
15265,126,2,1839.52,8.63063063063063,2.898018018018018,1,1839.52
15266,208,2,292.2,6.8,6.63,1,292.2
15268,0,3,961.9000000000001,19.454545454545453,3.8590909090909093,1,961.9000000000001
15270,140,8,3471.7200000000003,30.142857142857142,3.4376190476190476,1,3471.7200000000003
15271,13,1,586.01,2.0853658536585367,2.057865853658537,1,586.01
15272,35,3,1029.59,1.5268817204301075,4.324032258064516,1,1029.59
15273,121,1,228.96,216.0,1.06,1,228.96
15278,83,4,496.16,15.793103448275861,1.262758620689655,1,496.16
15279,30,3,982.16,7.824561403508772,4.215263157894737,1,982.16
15280,10,2,284.4,8.022727272727273,1.9927272727272725,1,284.4
15282,92,1,348.59,14.62962962962963,1.3085185185185184,1,348.59
15283,9,2,114.43,3.125,5.13625,1,114.43
15284,22,1,24.75,5.0,4.95,1,24.75
15287,259,1,58.2,13.75,1.4675,1,58.2
15288,117,2,766.46,7.448979591836735,2.456326530612245,1,766.46
15289,143,1,439.62,12.214285714285714,1.7207142857142856,1,439.62
15290,28,4,1298.14,21.428571428571427,1.5899999999999999,1,1298.14
15291,31,18,6082.26,14.9375,5.634166666666666,1,6082.26
15293,187,1,247.5,9.368421052631579,1.5342105263157895,1,247.5
15295,176,1,207.04,2.673076923076923,1.999423076923077,1,207.04
15296,6,4,5483.31,11.21146953405018,2.86415770609319,1,5483.31
15298,6,8,3064.21,12.614035087719298,2.150760233918129,1,3064.21
15299,218,1,731.52,192.0,3.81,1,731.52
15302,252,1,308.0,6.8,4.966666666666667,1,308.0
15303,87,2,650.16,7.0,5.220526315789473,1,650.16
15305,77,1,93.6,8.0,3.4299999999999997,1,93.6
15306,22,6,2310.38,21.76923076923077,2.665673076923077,1,2310.38
15309,132,4,797.96,8.148148148148149,3.15,1,797.96
15310,0,1,1634.64,32.8,1.6122222222222222,1,1634.64
15311,3,82,43187.88,17.274270196877122,2.8638221317040053,1,43187.88
15312,103,5,1414.89,9.826666666666666,3.3936,1,1414.89
15317,199,1,129.75,9.0,3.35,1,129.75
15321,85,8,3005.9100000000003,11.833333333333334,2.4405357142857143,1,3005.9100000000003
15323,84,3,434.6,6.482758620689655,4.0,1,434.6
15324,223,1,140.22000000000003,9.25,2.30875,1,140.22000000000003
15325,16,4,785.73,10.737704918032787,1.9421311475409835,1,785.73
15326,131,4,1388.81,9.65,2.9225,1,1388.81
15329,63,5,1142.58,7.580645161290323,4.541935483870968,1,1142.58
15331,21,3,767.91,15.931818181818182,1.7877272727272726,1,767.91
15332,35,1,1706.23,12.448717948717949,2.425897435897436,1,1706.23
15338,199,1,277.93,2.5517241379310347,2.466379310344828,1,277.93
15339,145,2,290.73,2.888888888888889,2.816111111111111,1,290.73
15340,83,1,105.5,10.857142857142858,1.5857142857142856,1,105.5
15352,70,1,111.15,1.1764705882352942,2.9161764705882356,1,111.15
15353,0,4,1556.41,3.350194552529183,2.8294941634241244,1,1556.41
15354,125,3,284.4,1.0,94.8,1,284.4
15358,20,9,4162.39,15.302158273381295,1.6749999999999998,1,4162.39
15359,184,8,181.35,9.0625,1.291875,1,181.35
15361,48,3,270.15,12.333333333333334,30.283333333333335,1,270.15
15362,260,1,310.75,6.304347826086956,3.6282608695652177,1,310.75
15363,14,1,352.11,12.578947368421053,2.315263157894737,1,352.11
15365,6,4,980.76,9.081632653061224,3.806734693877551,1,980.76
15366,72,3,1126.79,21.017543859649123,1.887719298245614,1,1126.79
15367,113,5,2048.87,9.52991452991453,3.0715384615384616,1,2048.87
15369,14,11,6251.26,55.728813559322035,1.9583050847457626,1,6251.26
15371,184,1,59.400000000000006,12.0,4.95,1,59.400000000000006
15372,21,5,2776.08,145.33333333333334,2.973888888888889,1,2776.08
15373,22,4,515.9300000000001,4.297872340425532,4.1127659574468085,1,515.9300000000001
15374,146,1,139.32,23.428571428571427,0.9942857142857143,1,139.32
15375,212,1,60.959999999999994,14.0,1.1466666666666667,1,60.959999999999994
15378,23,1,110.0,10.0,1.8333333333333333,1,110.0
15380,71,5,1224.26,33.57142857142857,2.676428571428571,1,1224.26
15381,63,2,1099.86,28.153846153846153,4.75,1,1099.86
15382,103,3,3766.73,16.503355704697988,2.4312080536912752,1,3766.73
15384,114,1,276.5,15.761904761904763,1.1338095238095238,1,276.5
15385,199,1,307.8,30.2,1.764,1,307.8
15387,14,1,468.65,16.75,2.165,1,468.65
15389,77,3,1733.8,785.0,0.835,1,1733.8
15391,106,1,289.87,9.083333333333334,6.4925,1,289.87
15393,89,3,659.48,7.125,4.0200000000000005,1,659.48
15394,29,4,1567.73,12.614285714285714,3.3004285714285713,1,1567.73
15396,105,1,508.20000000000005,78.0,3.35,1,508.20000000000005
15400,13,2,481.1,15.857142857142858,3.689285714285714,1,481.1
15401,90,1,136.2,8.222222222222221,3.6999999999999997,1,136.2
15402,1,3,1047.43,12.948717948717949,3.396025641025641,1,1047.43
15403,13,2,170.88,61.5,0.41500000000000004,1,170.88
15405,98,1,310.74,7.045454545454546,4.6440909090909095,1,310.74
15409,243,1,131.25,6.555555555555555,3.183333333333333,1,131.25
15410,90,2,1234.88,17.55,2.89925,1,1234.88
15413,213,5,6798.72,107.76,3.4688,1,6798.72
15416,0,3,588.5,9.166666666666666,3.083055555555555,1,588.5
15418,108,1,206.49,9.636363636363637,3.908181818181818,1,206.49
15420,80,5,636.0,15.066666666666666,1.5691111111111111,1,636.0
15421,0,5,2063.97,5.895953757225434,2.8092485549132946,1,2063.97
15422,92,2,758.7,6.649122807017544,4.012982456140351,1,758.7
15423,103,2,223.39000000000001,8.083333333333334,5.439166666666666,1,223.39000000000001
15425,50,3,1783.6200000000001,7.181159420289855,3.1005072463768117,1,1783.6200000000001
15426,24,2,561.72,2.4565217391304346,1.8830434782608696,1,561.72
15428,159,2,381.72,6.190476190476191,4.671904761904762,1,381.72
15430,50,1,836.75,8.757575757575758,3.789393939393939,1,836.75
15431,24,1,153.24,42.0,2.02,1,153.24
15432,63,1,149.57,4.5,6.973333333333334,1,149.57
15434,206,1,285.35,3.8421052631578947,5.528947368421052,1,285.35
15437,162,1,193.29000000000002,8.166666666666666,3.4091666666666662,1,193.29000000000002
15439,175,2,748.85,12.285714285714286,2.482142857142857,1,748.85
15441,252,1,301.57,10.692307692307692,3.058461538461539,1,301.57
15443,45,6,1535.78,4.528795811518324,2.9750785340314136,1,1535.78
15445,112,1,171.0,6.666666666666667,4.577777777777778,1,171.0
15446,150,2,230.77,2.742424242424242,1.9136363636363636,1,230.77
15447,49,4,337.71000000000004,7.15,4.294,1,337.71000000000004
15448,196,1,294.17,12.142857142857142,2.4085714285714284,1,294.17
15451,121,1,104.76,1.103448275862069,3.1658620689655175,1,104.76
15452,33,1,871.7,4.644628099173554,2.4356198347107436,1,871.7
15454,140,1,126.89,4.0,3.1873333333333336,1,126.89
15455,119,1,38.25,1.5,12.75,1,38.25
15456,14,6,1403.44,11.283783783783784,2.246756756756757,1,1403.44
15459,19,1,97.83000000000001,12.2,3.8840000000000003,1,97.83000000000001
15461,153,1,210.0,100.0,2.1,1,210.0
15465,103,9,1908.95,7.641025641025641,4.0689743589743586,1,1908.95
15466,128,2,899.71,3.574626865671642,2.4520895522388058,1,899.71
15470,97,1,63.419999999999995,58.0,0.315,1,63.419999999999995
15471,72,1,269.25,5.85,2.43,1,269.25
15474,117,1,150.35,2.8947368421052633,3.940526315789474,1,150.35
15477,171,1,368.4,108.0,1.5999999999999999,1,368.4
15478,97,1,583.5600000000001,12.76,2.8404,1,583.5600000000001
15479,255,1,147.4,4.222222222222222,5.044444444444444,1,147.4
15480,198,2,1636.38,13.173913043478262,20.944565217391304,1,1636.38
15482,122,6,2842.43,38.67741935483871,3.86741935483871,1,2842.43
15483,61,4,292.95,3.4761904761904763,1.3803809523809523,1,292.95
15484,62,2,1061.69,17.433962264150942,2.1320754716981134,1,1061.69
15485,203,3,1222.92,15.314285714285715,4.466,1,1222.92
15486,49,1,102.0,40.0,2.55,1,102.0
15487,201,1,231.32,10.285714285714286,2.462142857142857,1,231.32
15488,12,2,186.7,35.333333333333336,2.11,1,186.7
15489,51,3,678.7,11.13888888888889,3.2416666666666667,1,678.7
15493,23,3,1159.93,1.6751269035532994,4.225634517766498,1,1159.93
15494,0,3,2422.02,7.776422764227642,2.077479674796748,1,2422.02
15496,153,1,146.14,4.454545454545454,2.640454545454545,1,146.14
15497,99,5,3816.0099999999998,20.82456140350877,3.9940350877192983,1,3816.0099999999998
15498,1,8,7633.59,15.507462686567164,3.016119402985075,1,7633.59
15499,245,1,158.65,1.4390243902439024,2.8646341463414635,1,158.65
15502,76,1,1626.21,8.909090909090908,3.8580681818181817,1,1626.21
15503,248,1,116.26,1.1764705882352942,2.0354901960784315,1,116.26
15504,42,3,349.87,2.1176470588235294,3.503333333333334,1,349.87
15512,198,1,39.0,60.0,0.65,1,39.0
15513,37,12,6466.79,16.404907975460123,7.248588957055214,1,6466.79
15514,117,5,1687.7,15.184466019417476,1.788640776699029,1,1687.7
15518,41,6,1877.25,6.179611650485437,2.662378640776699,1,1877.25
15521,24,5,2487.5299999999997,12.23015873015873,2.985952380952381,1,2487.5299999999997
15523,38,11,8398.67,51.11278195488722,2.660751879699248,1,8398.67
15524,128,1,151.4,3.0,10.275,1,151.4
15527,24,12,2371.36,7.156028368794326,3.7579432624113474,1,2371.36
15530,34,1,311.37,11.142857142857142,1.8905714285714286,1,311.37
15532,22,3,1129.73,2.279620853080569,3.4119431279620853,1,1129.73
15534,247,1,162.25,7.875,3.7375,1,162.25
15538,59,6,3358.4,72.57142857142857,7.457142857142856,1,3358.4
15542,34,3,855.71,1.8495575221238938,2.700044247787611,1,855.71
15544,21,10,3774.67,13.289915966386555,1.5211764705882354,1,3774.67
15546,128,2,1079.1000000000001,16.5,5.45,1,1079.1000000000001
15547,17,8,3404.06,5.304568527918781,3.0099238578680203,1,3404.06
15548,117,1,158.09,2.782608695652174,3.245217391304348,1,158.09
15549,65,4,493.95,4.65625,4.431875,1,493.95
15550,23,5,866.76,5.831578947368421,2.3042105263157895,1,866.76
15551,72,1,280.87,5.387096774193548,3.1670967741935487,1,280.87
15552,145,1,162.4,8.153846153846153,2.776923076923077,1,162.4
15555,21,12,4567.82,6.478571428571429,2.7806904761904763,1,4567.82
15558,161,1,202.68,3.1739130434782608,4.565652173913043,1,202.68
15559,90,1,1109.4,8.483870967741936,3.7193548387096773,1,1109.4
15561,66,3,1033.6,16.65,2.7068333333333334,1,1033.6
15562,248,1,358.56,18.25925925925926,1.7885185185185184,1,358.56
15563,36,3,1459.02,10.444444444444445,1.9163888888888887,1,1459.02
15564,198,1,35.04,12.0,0.9733333333333333,1,35.04
15566,246,1,138.22,22.0,1.826,1,138.22
15569,52,3,1399.37,13.78,2.8695999999999997,1,1399.37
15570,70,6,2614.2400000000002,5.62962962962963,4.284867724867725,1,2614.2400000000002
15571,80,4,720.74,3.163793103448276,3.1881896551724136,1,720.74
15572,126,1,300.93,6.083333333333333,3.1569444444444446,1,300.93
15573,140,3,597.23,3.6403508771929824,2.7554385964912282,1,597.23
15575,141,1,30.1,2.0,5.183333333333334,1,30.1
15577,245,2,137.15,1.55,4.15,1,137.15
15580,10,5,671.45,4.6796875,2.109140625,1,671.45
15581,6,20,3382.23,4.8879668049792535,2.3973858921161826,1,3382.23
15584,192,1,351.99,1.7586206896551724,3.469310344827586,1,351.99
15586,114,3,1139.1000000000001,35.21052631578947,1.58,1,1139.1000000000001
15587,13,1,182.16,36.0,2.745,1,182.16
15588,199,1,579.6,24.0,6.0375,1,579.6
15590,105,3,694.76,9.7,2.52575,1,694.76
15591,104,3,217.9,8.285714285714286,4.564285714285715,1,217.9
15595,9,1,357.59999999999997,36.0,2.2,1,357.59999999999997
15596,21,1,588.55,7.3428571428571425,3.9185714285714286,1,588.55
15597,97,1,238.8,7.6,3.2333333333333334,1,238.8
15600,64,2,703.5400000000001,8.368421052631579,4.430789473684211,1,703.5400000000001
15601,24,13,6131.5,13.06547619047619,2.4231249999999998,1,6131.5
15602,33,4,626.0600000000001,12.27027027027027,2.3735135135135135,1,626.0600000000001
15603,170,1,40.0,16.0,1.25,1,40.0
15605,110,4,543.72,6.25,5.056875,1,543.72
15606,62,4,1207.1,10.38888888888889,4.4319444444444445,1,1207.1
15607,65,8,1604.21,13.208333333333334,2.4934375,1,1604.21
15611,27,10,968.6800000000001,4.8,6.309714285714286,1,968.6800000000001
15613,132,1,433.71999999999997,25.925925925925927,1.7103703703703703,1,433.71999999999997
15614,22,2,1938.0600000000002,26.0,2.7075555555555555,1,1938.0600000000002
15615,14,18,7214.48,13.623563218390805,2.4220402298850576,1,7214.48
15617,29,1,205.15,8.636363636363637,3.3863636363636362,1,205.15
15622,72,7,3829.15,9.853982300884956,3.3411061946902656,1,3829.15
15623,26,5,1706.02,10.271428571428572,4.019285714285715,1,1706.02
15625,48,3,811.27,19.830188679245282,0.9552830188679245,1,811.27
15627,44,1,280.16,13.0,1.7866666666666668,1,280.16
15628,14,5,1545.43,11.914893617021276,2.797446808510638,1,1545.43
15629,19,2,1646.98,19.607142857142858,2.9664285714285716,1,1646.98
15630,166,1,295.05,9.35,2.25,1,295.05
15631,164,1,596.67,13.461538461538462,2.244102564102564,1,596.67
15633,31,13,4335.96,11.636363636363637,3.376590909090909,1,4335.96
15636,91,1,388.94,7.777777777777778,4.276111111111111,1,388.94
15637,20,3,463.78000000000003,24.42105263157895,2.5057894736842106,1,463.78000000000003
15638,115,2,575.4,42.0,2.49375,1,575.4
15639,127,1,394.24,11.875,2.6679166666666667,1,394.24
15640,17,10,6786.36,19.066298342541437,2.89585635359116,1,6786.36
15641,3,6,2501.51,16.708955223880597,1.8288805970149253,1,2501.51
15642,251,1,105.78,45.0,0.4166666666666667,1,105.78
15650,43,2,553.88,5.833333333333333,4.862777777777778,1,553.88
15651,118,1,291.26,13.733333333333333,1.672,1,291.26
15652,7,1,101.69,1.7222222222222223,4.1466666666666665,1,101.69
15658,21,2,682.37,5.2894736842105265,4.755526315789474,1,682.37
15659,175,1,108.44,5.333333333333333,7.109999999999999,1,108.44
15660,54,4,567.5,11.933333333333334,2.658333333333333,1,567.5
15661,30,2,458.55,7.64,3.806,1,458.55
15662,183,2,283.73,12.083333333333334,3.783333333333333,1,283.73
15664,103,2,527.78,6.636363636363637,2.625151515151515,1,527.78
15665,157,1,591.43,5.938461538461539,1.9420000000000002,1,591.43
15666,17,1,406.26,8.54054054054054,1.6208108108108108,1,406.26
15670,78,1,152.15,5.857142857142857,5.235714285714286,1,152.15
15672,247,1,45.300000000000004,3.3333333333333335,6.883333333333333,1,45.300000000000004
15673,37,4,2916.69,14.247619047619047,2.788095238095238,1,2916.69
15674,26,6,3438.21,9.962162162162162,3.377027027027027,1,3438.21
15678,44,1,716.48,8.789473684210526,3.531315789473684,1,716.48
15680,103,5,1686.99,10.909090909090908,2.364363636363636,1,1686.99
15681,41,3,702.1,10.5,5.825,1,702.1
15682,121,2,318.24,8.88,2.1412,1,318.24
15684,69,3,173.95,7.0,4.913636363636363,1,173.95
15689,139,1,266.93,8.2,3.6060000000000003,1,266.93
15691,111,2,359.5,10.0,3.9850000000000003,1,359.5
15693,181,1,37.5,30.0,1.25,1,37.5
15694,19,5,1852.2199999999998,15.391304347826088,5.234347826086957,1,1852.2199999999998
15695,119,2,721.0600000000001,7.351351351351352,4.533513513513514,1,721.0600000000001
15696,69,4,817.02,6.571428571428571,6.732571428571429,1,817.02
15697,211,1,246.75,9.071428571428571,3.4464285714285716,1,246.75
15698,146,1,46.2,30.0,0.95,1,46.2
15702,204,1,27.82,1.0,27.82,1,27.82
15704,24,2,1441.04,7.827586206896552,3.1104597701149426,1,1441.04
15709,111,1,194.6,2.2857142857142856,5.248095238095238,1,194.6
15711,78,2,420.25,7.96,3.378,1,420.25
15712,66,4,1591.15,7.014705882352941,4.142647058823529,1,1591.15
15713,141,2,482.94,9.121212121212121,3.708787878787879,1,482.94
15714,71,2,300.0,27.0,2.8875,1,300.0
15715,77,5,658.02,6.473684210526316,4.088421052631579,1,658.02
15716,17,6,1169.76,3.7933333333333334,2.7626666666666666,1,1169.76
15717,14,3,304.90000000000003,8.545454545454545,4.404545454545455,1,304.90000000000003
15718,62,1,293.79,5.277777777777778,5.051111111111111,1,293.79
15719,6,13,3663.4,3.0437710437710437,2.7565319865319866,1,3663.4
15720,72,1,140.49,1.84,4.1844,1,140.49
15722,125,3,1122.04,7.09433962264151,4.440188679245283,1,1122.04
15723,96,1,236.36,1.6382978723404256,3.554042553191489,1,236.36
15727,15,6,3618.97,6.682634730538922,4.139910179640719,1,3618.97
15731,75,1,125.3,15.25,1.1125,1,125.3
15732,30,8,1249.85,12.341176470588236,2.2596470588235293,1,1249.85
15734,69,1,310.65,7.9,4.865,1,310.65
15738,24,19,6395.34,19.554655870445345,1.8972469635627531,1,6395.34
15741,140,1,63.150000000000006,5.666666666666667,6.483333333333333,1,63.150000000000006
15742,141,1,156.87,1.2439024390243902,3.540731707317073,1,156.87
15747,17,4,811.82,6.824324324324325,2.188918918918919,1,811.82
15750,14,5,1754.45,7.282894736842105,3.027368421052632,1,1754.45
15751,17,10,1157.97,3.175925925925926,4.896666666666667,1,1157.97
15754,15,6,2579.04,15.174757281553399,3.8541747572815535,1,2579.04
15755,2,8,2706.16,10.630952380952381,2.734642857142857,1,2706.16
15757,14,2,1266.47,7.1688311688311686,4.497662337662337,1,1266.47
15759,33,4,577.89,46.3,4.407,1,577.89
15760,152,2,13916.34,1.0,6958.17,1,13916.34
15764,0,1,864.91,13.352941176470589,2.583921568627451,1,864.91
15765,188,1,370.63,13.4,2.6956,1,370.63
15766,204,1,201.60000000000002,14.0,2.1,1,201.60000000000002
15768,21,30,14558.460000000001,3.3705281090289607,5.110902896081772,1,14558.460000000001
15769,3,13,20601.0,210.5084745762712,1.680508474576271,1,20601.0
15770,134,1,321.45,3.7222222222222223,6.027777777777778,1,321.45
15771,126,3,1006.54,18.285714285714285,3.3353571428571427,1,1006.54
15774,10,4,655.14,4.169491525423729,4.43,1,655.14
15775,154,1,45.599999999999994,96.0,0.28500000000000003,1,45.599999999999994
15777,90,1,9.3,2.0,4.65,1,9.3
15779,54,1,67.38,2.5,7.91,1,67.38
15784,194,1,466.19,8.392857142857142,3.94,1,466.19
15785,2,7,2308.29,18.29245283018868,2.4069811320754715,1,2308.29
15786,58,1,1786.71,14.697247706422019,2.814862385321101,1,1786.71
15788,30,1,221.83,8.214285714285714,4.875714285714286,1,221.83
15789,3,4,1306.44,16.791208791208792,2.3553846153846156,1,1306.44
15791,51,3,1995.65,13.467391304347826,2.1833695652173915,1,1995.65
15792,140,1,476.84000000000003,12.285714285714286,2.1432142857142855,1,476.84000000000003
15793,121,3,792.58,52.90909090909091,2.693636363636364,1,792.58
15794,258,2,777.0,19.2,3.3766666666666665,1,777.0
15795,108,6,986.38,8.842857142857143,2.5327142857142855,1,986.38
15796,38,4,1357.66,6.247058823529412,3.865529411764706,1,1357.66
15797,103,2,613.6800000000001,102.0,1.5525,1,613.6800000000001
15798,14,3,1535.37,11.024096385542169,2.4274698795180725,1,1535.37
15800,140,4,361.03,2.203125,2.95515625,1,361.03
15803,198,1,603.8,10.0,4.361111111111111,1,603.8
15805,8,7,2613.58,12.11111111111111,2.7753968253968253,1,2613.58
15807,188,1,401.94,43.1764705882353,2.6723529411764706,1,401.94
15808,12,14,10779.08,9.008196721311476,3.2482581967213116,1,10779.08
15809,57,1,169.55,9.875,4.96875,1,169.55
15810,149,2,849.2,9.761904761904763,2.4761904761904763,1,849.2
15812,76,5,2531.92,25.619718309859156,2.47056338028169,1,2531.92
15814,125,1,294.08,19.11111111111111,3.704444444444445,1,294.08
15816,64,2,144.15,4.909090909090909,3.6954545454545453,1,144.15
15817,14,2,2165.11,10.330508474576272,3.2461016949152546,1,2165.11
15818,110,1,340.5,25.818181818181817,1.8336363636363637,1,340.5
15819,58,5,1458.21,11.693069306930694,1.6880198019801982,1,1458.21
15822,15,4,954.59,17.96875,2.3284375,1,954.59
15823,251,2,3867.17,11.512987012987013,3.571168831168831,1,3867.17
15824,54,1,394.8,9.6,4.1899999999999995,1,394.8
15826,90,1,943.97,16.88235294117647,2.587647058823529,1,943.97
15827,22,12,1561.3999999999999,7.954022988505747,5.63735632183908,1,1561.3999999999999
15833,259,1,80.4,4.8,3.87,1,80.4
15837,7,1,385.03000000000003,7.714285714285714,3.389642857142857,1,385.03000000000003
15838,3,5,2570.56,125.33333333333333,1.7533333333333332,1,2570.56
15841,43,3,919.5600000000001,47.8,2.6175,1,919.5600000000001
15842,49,1,172.55,7.888888888888889,4.233333333333333,1,172.55
15845,58,3,714.51,5.611111111111111,5.085555555555556,1,714.51
15847,163,1,80.62,5.333333333333333,3.015,1,80.62
15848,143,1,137.99,1.3235294117647058,3.31735294117647,1,137.99
15850,58,2,217.29,2.1379310344827585,2.5018965517241383,1,217.29
15851,48,1,109.73,8.375,1.9925000000000002,1,109.73
15852,48,1,96.55,1.0909090909090908,7.618181818181818,1,96.55
15854,1,6,1816.8700000000001,9.464285714285714,4.251964285714286,1,1816.8700000000001
15856,12,14,9555.65,22.0,2.2466233766233765,1,9555.65
15858,14,7,1699.2,5.522842639593908,3.1866497461928933,1,1699.2
15860,80,5,616.92,3.3541666666666665,3.5461458333333336,1,616.92
15861,89,3,910.57,5.58659217877095,1.58072625698324,1,910.57
15862,26,8,1540.32,2.5893416927899686,2.830626959247649,1,1540.32
15863,139,3,286.26,2.4237288135593222,2.949830508474576,1,286.26
15865,225,1,706.55,8.947368421052632,3.20421052631579,1,706.55
15867,26,13,3858.28,4.944954128440367,3.3534633027522935,1,3858.28
15868,105,1,94.53,14.25,2.5175,1,94.53
15869,148,1,171.47,5.157894736842105,2.3389473684210524,1,171.47
15872,72,1,119.04,6.0,2.1350000000000002,1,119.04
15873,21,4,313.91999999999996,192.0,0.2833333333333333,1,313.91999999999996
15874,6,10,4266.96,10.527472527472527,3.9213736263736267,1,4266.96
15875,168,1,108.52,3.217391304347826,1.7682608695652176,1,108.52
15878,83,2,330.77,4.764705882352941,2.192745098039216,1,330.77
15879,43,3,713.52,2.605769230769231,4.217115384615385,1,713.52
15882,51,3,467.64000000000004,9.333333333333334,2.0526666666666666,1,467.64000000000004
15884,258,1,236.70000000000002,11.538461538461538,2.039230769230769,1,236.70000000000002
15885,0,8,1020.83,6.045454545454546,3.7772727272727273,1,1020.83
15886,120,1,294.37,5.956521739130435,3.135652173913044,1,294.37
15887,77,1,442.15,11.296296296296296,2.9840740740740745,1,442.15
15888,48,1,81.75,2.3333333333333335,4.35,1,81.75
15889,106,5,768.22,2.625766871165644,2.7629447852760736,1,768.22
15890,119,2,286.95,23.25,4.5325,1,286.95
15892,191,1,128.2,1.2105263157894737,2.7626315789473685,1,128.2
15893,3,1,305.28000000000003,288.0,1.06,1,305.28000000000003
15898,3,17,3045.1,2.546637744034707,3.862234273318872,1,3045.1
15900,84,1,136.22,5.555555555555555,1.6527777777777777,1,136.22
15901,65,1,200.34,6.764705882352941,1.2561764705882352,1,200.34
15903,216,1,39.8,4.0,9.95,1,39.8
15905,65,1,114.69,3.727272727272727,2.7677272727272726,1,114.69
15908,12,2,758.62,4.325,3.336,1,758.62
15910,34,5,879.1800000000001,3.188340807174888,1.7459192825112106,1,879.1800000000001
15911,145,8,1700.24,3.13953488372093,2.80484496124031,1,1700.24
15912,91,6,654.99,7.287878787878788,3.052878787878788,1,654.99
15913,56,1,6.300000000000001,3.0,2.1,1,6.300000000000001
15916,80,4,1081.45,5.626086956521739,3.597565217391304,1,1081.45
15917,128,4,407.07,1.5846153846153845,2.3685384615384617,1,407.07
15918,153,1,248.65,4.142857142857143,3.473809523809524,1,248.65
15920,56,4,267.04,3.6206896551724137,4.964137931034483,1,267.04
15921,162,1,100.18,3.3846153846153846,3.13,1,100.18
15924,253,1,102.82,6.866666666666666,3.564,1,102.82
15926,64,1,134.44,22.142857142857142,1.0371428571428571,1,134.44
15927,169,1,106.54,4.4,3.0013333333333336,1,106.54
15928,178,1,293.53,14.909090909090908,2.2363636363636363,1,293.53
15929,166,1,594.0,120.0,4.95,1,594.0
15938,5,3,276.41,9.722222222222221,1.8177777777777777,1,276.41
15941,159,1,405.0,10.0,6.75,1,405.0
15943,171,2,271.28999999999996,15.25,1.7325,1,271.28999999999996
15944,7,2,1204.4,28.681818181818183,3.473181818181818,1,1204.4
15945,215,2,351.32,11.130434782608695,3.8813043478260876,1,351.32
15946,24,3,2304.18,62.07692307692308,2.5384615384615383,1,2304.18
15950,76,3,2199.4900000000002,7.617647058823529,3.105073529411765,1,2199.4900000000002
15953,51,4,733.07,10.483870967741936,4.877741935483871,1,733.07
15954,111,1,190.75,5.95,1.7,1,190.75
15955,104,3,1623.63,14.43939393939394,2.5786363636363636,1,1623.63
15956,73,2,617.6,15.444444444444445,2.05,1,617.6
15958,72,1,64.05,1.5333333333333334,2.9099999999999997,1,64.05
15959,204,3,542.89,3.788732394366197,3.8198591549295773,1,542.89
15964,185,1,269.21000000000004,4.65,3.5005,1,269.21000000000004
15965,38,6,1072.03,3.8333333333333335,3.1845098039215687,1,1072.03
15967,30,6,1301.97,2.546875,3.192083333333333,1,1301.97
15969,44,1,103.75999999999999,4.0,8.646666666666667,1,103.75999999999999
15970,120,1,703.22,29.384615384615383,3.1530769230769233,1,703.22
15971,246,2,446.28,36.0,4.336666666666667,1,446.28
15972,0,3,1235.33,3.3392857142857144,4.222410714285714,1,1235.33
15976,45,2,551.75,2.8137254901960786,3.138921568627451,1,551.75
15978,166,1,599.12,11.40625,2.8678125,1,599.12
15979,124,1,329.21999999999997,20.454545454545453,1.2840909090909092,1,329.21999999999997
15980,12,4,4144.82,45.30555555555556,2.0175,1,4144.82
15981,14,9,3758.01,14.933823529411764,2.6215441176470584,1,3758.01
15982,127,1,324.51,2.911111111111111,3.4331111111111112,1,324.51
15983,248,3,1184.59,7.2967032967032965,2.4484615384615385,1,1184.59
15984,6,15,3962.23,7.551319648093842,2.6072727272727274,1,3962.23
15985,7,3,1156.56,28.48,1.618,1,1156.56
15988,73,2,582.11,3.148936170212766,2.8327659574468087,1,582.11
15989,259,1,140.16,1.4864864864864864,2.9635135135135138,1,140.16
15990,16,5,1205.64,5.144,2.71328,1,1205.64
15991,56,1,150.55,6.833333333333333,6.833333333333333,1,150.55
15994,157,1,390.46000000000004,4.944444444444445,3.278888888888889,1,390.46000000000004
15998,20,8,3761.93,3.3951367781155017,2.6395592705167172,1,3761.93
15999,257,1,20.4,24.0,0.85,1,20.4
16002,147,1,169.21,1.6666666666666667,2.8233333333333333,1,169.21
16003,147,3,997.27,7.857142857142857,4.793714285714286,1,997.27
16004,85,3,1763.44,11.876712328767123,3.202191780821918,1,1763.44
16007,65,1,356.83,6.257142857142857,1.7501428571428572,1,356.83
16008,41,5,996.57,8.458333333333334,2.67,1,996.57
16011,48,8,1187.22,6.693693693693693,3.062792792792793,1,1187.22
16012,51,1,975.33,10.457627118644067,2.874915254237288,1,975.33
16013,2,20,8429.62,72.55319148936171,2.574255319148936,1,8429.62
16014,199,1,246.92,1.4722222222222223,2.444027777777778,1,246.92
16017,153,3,927.35,5.609375,3.4709375,1,927.35
16018,254,1,195.78,10.15,1.545,1,195.78
16019,1,11,6866.75,23.535211267605632,3.2959154929577466,1,6866.75
16021,66,1,148.44,1.5757575757575757,2.99,1,148.44
16027,103,7,961.1,47.529411764705884,4.002941176470588,1,961.1
16028,117,1,82.2,3.6,5.3,1,82.2
16029,2,33,31451.06,128.0212765957447,4.315851063829787,1,31451.06
16032,20,4,1505.31,6.9523809523809526,2.159404761904762,1,1505.31
16033,7,1,330.29,2.230769230769231,4.7389743589743585,1,330.29
16035,82,1,217.73,1.5714285714285714,7.772857142857142,1,217.73
16036,142,1,848.6800000000001,9.324324324324325,3.623783783783783,1,848.6800000000001
16037,66,2,654.32,10.5625,2.9009375,1,654.32
16039,150,1,143.48000000000002,10.272727272727273,2.1763636363636363,1,143.48000000000002
16040,51,2,541.3,10.387096774193548,2.795161290322581,1,541.3
16043,3,1,524.45,8.38888888888889,4.916666666666667,1,524.45
16045,20,2,968.82,21.413793103448278,2.015862068965517,1,968.82
16046,84,1,235.78,11.272727272727273,2.523181818181818,1,235.78
16047,204,1,107.14,1.0,107.14,1,107.14
16048,71,1,201.0,12.0,1.8772727272727274,1,201.0
16049,38,1,229.64000000000001,1.9365079365079365,2.24015873015873,1,229.64000000000001
16051,203,1,188.44,6.666666666666667,2.6366666666666667,1,188.44
16053,132,1,632.66,7.636363636363637,3.536818181818182,1,632.66
16054,34,2,1010.13,4.882352941176471,14.514411764705882,1,1010.13
16057,41,3,1591.73,8.536082474226804,3.3029896907216494,1,1591.73
16059,22,4,893.46,2.883211678832117,2.834817518248175,1,893.46
16060,16,1,345.6,12.222222222222221,3.022222222222222,1,345.6
16062,58,1,543.32,7.9523809523809526,3.3514285714285714,1,543.32
16064,247,1,109.31,3.235294117647059,2.703529411764706,1,109.31
16067,84,3,3269.11,18.176470588235293,3.8464705882352943,1,3269.11
16068,115,1,115.73,1.3714285714285714,2.584,1,115.73
16071,49,3,750.5600000000001,9.942307692307692,2.3390384615384616,1,750.5600000000001
16072,71,1,1746.54,2.7625,4.016125,1,1746.54
16075,24,2,736.9300000000001,6.609756097560975,4.703414634146341,1,736.9300000000001
16077,147,1,2300.4,105.0,2.025,1,2300.4
16078,191,1,283.79,4.842105263157895,2.0589473684210526,1,283.79
16081,96,2,264.39,2.2,2.6705454545454543,1,264.39
16082,192,1,106.75,2.4375,4.14375,1,106.75
16085,21,4,885.45,3.4178082191780823,2.8280821917808217,1,885.45
16086,71,3,950.86,9.883333333333333,3.1446666666666667,1,950.86
16087,131,3,997.24,68.66666666666667,2.3533333333333335,1,997.24
16088,97,2,1437.43,62.166666666666664,4.359999999999999,1,1437.43
16089,31,1,154.65,2.962962962962963,3.1148148148148147,1,154.65
16090,146,1,180.56,3.2222222222222223,4.415555555555556,1,180.56
16092,26,3,770.08,14.35897435897436,2.0384615384615383,1,770.08
16094,20,4,1399.78,8.08,5.598933333333334,1,1399.78
16096,110,2,883.47,11.564102564102564,4.756153846153846,1,883.47
16098,49,5,1168.4,15.033898305084746,2.51271186440678,1,1168.4
16099,21,3,682.9,17.52,1.8436,1,682.9
16101,3,2,1211.1100000000001,8.613333333333333,3.1722666666666663,1,1211.1100000000001
16103,2,12,3487.79,13.477064220183486,3.4346788990825687,1,3487.79
16104,3,7,2219.25,4.4021739130434785,3.58054347826087,1,2219.25
16105,13,3,1442.04,17.844155844155843,1.896233766233766,1,1442.04
16108,104,2,860.99,10.245283018867925,3.3128301886792455,1,860.99
16109,220,1,327.59999999999997,36.92307692307692,0.6792307692307692,1,327.59999999999997
16110,44,1,460.64,1.8181818181818181,3.8406818181818183,1,460.64
16115,10,3,674.03,3.626086956521739,2.399739130434783,1,674.03
16117,113,1,133.5,3.0,2.1956521739130435,1,133.5
16118,174,1,4376.25,69.53658536585365,2.763170731707317,1,4376.25
16119,41,4,879.14,13.428571428571429,4.135238095238096,1,879.14
16121,87,1,151.07,2.4,2.133,1,151.07
16124,105,2,931.64,12.4,3.1215555555555556,1,931.64
16125,2,11,3335.15,6.330357142857143,3.5541517857142857,1,3335.15
16126,43,7,3179.7400000000002,7.9875,3.149625,1,3179.7400000000002
16127,248,1,145.06,1.9428571428571428,2.806285714285714,1,145.06
16128,22,2,757.85,25.766666666666666,1.7476666666666667,1,757.85
16129,29,1,446.94,12.303030303030303,1.716060606060606,1,446.94
16130,75,3,713.25,4.131578947368421,7.075,1,713.25
16131,118,2,4499.94,21.365384615384617,2.9094230769230767,1,4499.94
16132,66,2,664.1999999999999,16.470588235294116,4.526470588235294,1,664.1999999999999
16133,15,9,2743.82,21.90909090909091,7.670129870129871,1,2743.82
16134,62,1,906.67,16.65909090909091,2.5563636363636366,1,906.67
16135,105,1,301.9,10.333333333333334,3.522222222222222,1,301.9
16136,185,1,237.42000000000002,26.0,1.3322222222222222,1,237.42000000000002
16137,202,1,422.7,7.5,2.6964285714285716,1,422.7
16138,51,2,588.51,39.8,5.327333333333333,1,588.51
16139,244,2,475.74,10.461538461538462,2.7792307692307694,1,475.74
16143,33,4,1419.0900000000001,8.471428571428572,3.1398571428571427,1,1419.0900000000001
16145,19,3,1459.09,9.535714285714286,4.571071428571428,1,1459.09
16147,92,2,1186.3700000000001,9.486842105263158,3.030921052631579,1,1186.3700000000001
16150,29,4,1409.45,9.586666666666666,2.8194666666666666,1,1409.45
16153,3,4,2398.13,23.96511627906977,2.3869767441860463,1,2398.13
16155,24,2,398.0,11.23076923076923,3.1846153846153844,1,398.0
16156,19,7,1972.25,14.566666666666666,2.1855555555555553,1,1972.25
16158,44,9,628.32,5.2,7.056285714285714,1,628.32
16159,169,2,657.01,11.607142857142858,3.7085714285714286,1,657.01
16161,15,15,2764.71,4.732673267326732,2.631188118811881,1,2764.71
16163,68,3,1160.53,7.54,5.325,1,1160.53
16165,27,1,79.9,2.0,39.95,1,79.9
16166,213,1,239.84,7.333333333333333,4.0975,1,239.84
16167,139,2,873.24,34.90909090909091,3.865757575757576,1,873.24
16168,2,25,4343.04,13.121621621621621,4.779527027027027,1,4343.04
16170,9,11,3760.86,14.02155172413793,1.8166810344827584,1,3760.86
16172,30,2,335.09,13.208333333333334,2.3179166666666666,1,335.09
16174,13,4,1237.2,18.571428571428573,1.7476190476190474,1,1237.2
16175,33,2,606.35,10.03125,2.8484375,1,606.35
16176,50,3,1140.59,14.731707317073171,3.3419512195121954,1,1140.59
16177,21,4,1323.83,9.208333333333334,3.606111111111111,1,1323.83
16180,0,5,5995.69,23.915151515151514,2.0404242424242427,1,5995.69
16182,37,3,2034.0,86.4,1.4506666666666665,1,2034.0
16185,86,1,115.31,6.777777777777778,2.852222222222222,1,115.31
16186,2,9,3477.87,12.547169811320755,1.9206132075471698,1,3477.87
16190,5,5,1591.84,8.853658536585366,4.158658536585365,1,1591.84
16191,68,2,2369.88,37.97435897435897,3.85,1,2369.88
16192,257,1,351.3,18.90909090909091,2.083636363636364,1,351.3
16195,245,1,323.25,7.6875,3.3312500000000003,1,323.25
16196,10,1,93.3,6.5,3.7125,1,93.3
16197,12,8,1881.32,14.453488372093023,3.267325581395349,1,1881.32
16199,6,4,264.0,24.0,2.75,1,264.0
16200,73,8,3458.57,5.871559633027523,2.936850152905199,1,3458.57
16202,76,6,1427.35,9.074626865671641,5.0559701492537314,1,1427.35
16203,26,1,282.13,13.823529411764707,2.2976470588235296,1,282.13
16204,253,1,213.27,17.384615384615383,2.3784615384615386,1,213.27
16205,64,1,220.11,8.48,2.4752,1,220.11
16206,21,4,1075.04,5.348314606741573,3.996292134831461,1,1075.04
16208,23,4,1662.49,6.9411764705882355,3.9212745098039217,1,1662.49
16209,42,3,1678.8600000000001,71.33333333333333,3.3899999999999997,1,1678.8600000000001
16210,19,13,7638.04,35.30769230769231,4.409120879120879,1,7638.04
16212,140,2,603.37,8.837837837837839,3.488648648648648,1,603.37
16218,83,1,113.2,8.571428571428571,4.121428571428571,1,113.2
16219,22,1,40.8,48.0,0.85,1,40.8
16221,1,2,445.45,3.1285714285714286,3.6425714285714283,1,445.45
16222,243,1,498.50000000000006,6.0,4.897826086956522,1,498.50000000000006
16225,3,7,1183.8700000000001,5.0,3.252962962962963,1,1183.8700000000001
16227,16,2,713.0,12.357142857142858,3.0285714285714285,1,713.0
16229,43,3,1088.36,9.567164179104477,2.135820895522388,1,1088.36
16231,119,1,287.8,4.861111111111111,2.131111111111111,1,287.8
16232,6,2,987.27,24.03030303030303,1.7451515151515151,1,987.27
16233,14,4,945.9300000000001,8.975,4.52025,1,945.9300000000001
16234,36,2,196.86,11.5,3.8925,1,196.86
16242,73,3,1571.05,3.450261780104712,3.1974869109947646,1,1571.05
16246,191,1,166.9,3.0416666666666665,2.7729166666666667,1,166.9
16251,34,1,128.31,2.2,3.0309999999999997,1,128.31
16253,63,3,2279.2400000000002,15.403225806451612,2.1198387096774196,1,2279.2400000000002
16254,23,2,361.19,5.515151515151516,3.6354545454545453,1,361.19
16255,1,5,1306.01,4.265536723163842,3.3150282485875704,1,1306.01
16256,15,2,876.9399999999999,63.0625,5.403125,1,876.9399999999999
16258,0,6,3653.61,20.862595419847327,2.114732824427481,1,3653.61
16259,127,2,157.87,1.6756756756756757,2.911081081081081,1,157.87
16266,22,6,736.66,7.361111111111111,5.523888888888889,1,736.66
16267,113,1,186.66,28.285714285714285,1.2457142857142858,1,186.66
16271,36,3,1391.99,8.155172413793103,1.9822413793103448,1,1391.99
16273,170,2,318.34000000000003,2.6666666666666665,8.065999999999999,1,318.34000000000003
16275,163,1,695.84,11.878787878787879,3.0212121212121215,1,695.84
16276,1,2,1818.79,52.35,2.8435,1,1818.79
16277,255,1,188.69,1.434782608695652,6.521304347826088,1,188.69
16278,2,2,551.46,7.125,5.9071875,1,551.46
16279,8,4,2749.94,11.0,2.51,1,2749.94
16280,247,1,238.05,6.3125,3.80625,1,238.05
16281,204,1,781.52,56.0,2.3485714285714288,1,781.52
16282,9,2,1139.28,30.727272727272727,3.8590909090909093,1,1139.28
16283,49,2,1469.23,3.419753086419753,2.33320987654321,1,1469.23
16285,168,1,176.9,1.935483870967742,2.987096774193548,1,176.9
16286,145,1,272.95,6.230769230769231,4.088461538461538,1,272.95
16287,163,2,364.32,46.714285714285715,1.6242857142857143,1,364.32
16290,3,3,1865.3,7.776859504132231,5.150743801652893,1,1865.3
16291,204,1,117.72,1.0,117.72,1,117.72
16292,66,2,509.21,12.576923076923077,5.5976923076923075,1,509.21
16293,91,2,610.3100000000001,6.2727272727272725,5.0230303030303025,1,610.3100000000001
16296,148,4,1313.67,8.716216216216216,3.219864864864865,1,1313.67
16300,147,2,838.36,2.430939226519337,2.3981767955801105,1,838.36
16301,258,1,107.33,6.833333333333333,3.3233333333333337,1,107.33
16303,90,2,1228.3400000000001,7.774193548387097,4.048064516129033,1,1228.3400000000001
16304,216,1,381.66,9.12,2.7604,1,381.66
16307,64,2,794.92,18.27777777777778,1.1907407407407407,1,794.92
16308,65,2,1600.0,2500.0,0.32,1,1600.0
16310,164,1,190.38,8.083333333333334,3.950833333333333,1,190.38
16315,58,1,176.34,7.555555555555555,4.163333333333333,1,176.34
16316,15,1,993.75,11.465753424657533,2.9736986301369863,1,993.75
16317,72,2,850.86,7.208333333333333,4.728958333333334,1,850.86
16320,35,3,3203.03,14.339449541284404,3.085045871559633,1,3203.03
16321,148,2,230.9,11.272727272727273,2.1,1,230.9
16323,99,1,146.16,32.0,1.7299999999999998,1,146.16
16325,56,5,1243.25,9.783333333333333,3.1526666666666667,1,1243.25
16326,3,9,1454.68,2.6198347107438016,6.5395041322314045,1,1454.68
16327,35,8,5033.39,11.235981308411215,2.2475,1,5033.39
16328,85,1,310.83,8.8125,2.879375,1,310.83
16329,167,2,652.85,4.580645161290323,2.3266129032258065,1,652.85
16330,184,1,51.43,1.9411764705882353,1.9841176470588233,1,51.43
16331,154,2,1452.1,25.894736842105264,6.402631578947369,1,1452.1
16332,111,1,107.75,4.818181818181818,3.4499999999999997,1,107.75
16334,14,1,263.73,3.814814814814815,2.7385185185185184,1,263.73
16335,73,7,2753.52,2.781163434903047,3.489141274238227,1,2753.52
16336,153,2,1787.9,15.86046511627907,4.007906976744186,1,1787.9
16340,73,1,366.04,4.021052631578947,1.6121052631578947,1,366.04
16341,131,1,762.28,21.555555555555557,1.2925,1,762.28
16344,31,3,741.3199999999999,15.636363636363637,1.8413636363636363,1,741.3199999999999
16345,5,1,613.33,4.549295774647887,2.6616901408450704,1,613.33
16347,78,6,1218.6,5.419580419580419,3.1825174825174827,1,1218.6
16351,23,10,2765.75,11.457516339869281,2.12437908496732,1,2765.75
16353,104,11,1913.05,23.30952380952381,1.8476190476190475,1,1913.05
16354,113,1,208.28,3.8333333333333335,3.095416666666667,1,208.28
16356,73,2,98.3,3.125,2.1,1,98.3
16359,14,6,731.4300000000001,14.3,3.024,1,731.4300000000001
16365,57,4,1129.97,6.639344262295082,4.026557377049181,1,1129.97
16366,104,3,1220.83,10.433333333333334,3.2625,1,1220.83
16369,84,2,559.45,9.961538461538462,4.021153846153846,1,559.45
16372,129,1,110.95,2.7,2.6375,1,110.95
16374,110,1,455.14,2.2686567164179103,4.553582089552238,1,455.14
16377,139,1,632.28,285.6,0.526,1,632.28
16382,72,1,195.77,2.6666666666666665,7.784,1,195.77
16383,41,3,1679.69,3.7911111111111113,2.8732444444444445,1,1679.69
16384,112,1,319.75,9.55,2.5149999999999997,1,319.75
16385,153,1,110.25999999999999,2.782608695652174,1.9713043478260872,1,110.25999999999999
16387,160,1,140.19,9.285714285714286,4.062857142857142,1,140.19
16388,175,1,186.05,6.384615384615385,2.869230769230769,1,186.05
16390,58,3,467.5,5.809523809523809,5.692857142857143,1,467.5
16391,19,3,581.26,2.0454545454545454,2.202159090909091,1,581.26
16392,83,1,192.29,4.09375,2.1240625,1,192.29
16393,22,6,1313.06,2.9087719298245616,1.9974035087719297,1,1313.06
16395,13,3,550.57,4.7,2.4787777777777777,1,550.57
16397,150,1,123.13,4.777777777777778,5.632222222222222,1,123.13
16400,24,6,2129.99,6.833333333333333,2.5284895833333336,1,2129.99
16401,47,3,376.75,15.045454545454545,1.7486363636363635,1,376.75
16406,175,1,203.95000000000002,1.5918367346938775,3.096122448979592,1,203.95000000000002
16408,113,1,231.93,5.044444444444444,1.4766666666666668,1,231.93
16409,47,4,1862.33,3.388059701492537,2.6570746268656715,1,1862.33
16410,256,1,130.32,69.6,0.796,1,130.32
16412,131,2,163.14,3.129032258064516,2.5032258064516126,1,163.14
16414,115,2,232.57,9.0,3.8299999999999996,1,232.57
16415,105,2,496.49,3.36734693877551,2.224795918367347,1,496.49
16416,28,3,966.21,24.125,2.3890000000000002,1,966.21
16417,14,1,35.7,6.0,5.95,1,35.7
16419,99,2,504.99,6.825,3.3305,1,504.99
16422,3,30,15190.85,141.1153846153846,2.141769230769231,1,15190.85
16428,19,2,418.01,4.367088607594937,2.1551898734177213,1,418.01
16430,76,2,222.39000000000001,5.875,6.0775,1,222.39000000000001
16434,139,3,647.08,9.166666666666666,4.101666666666667,1,647.08
16435,34,3,1003.0699999999999,4.864,4.13488,1,1003.0699999999999
16436,190,3,319.14,5.675,2.24825,1,319.14
16439,244,1,310.70000000000005,8.222222222222221,4.672222222222222,1,310.70000000000005
16440,15,1,216.3,3.6,2.9360000000000004,1,216.3
16441,149,1,225.74,5.045454545454546,3.4104545454545456,1,225.74
16442,126,2,282.68,1.8026315789473684,2.599473684210526,1,282.68
16443,42,1,162.24,96.0,1.69,1,162.24
16444,10,6,1054.3700000000001,5.113043478260869,2.376,1,1054.3700000000001
16447,112,2,471.19,2.764705882352941,6.801176470588236,1,471.19
16450,106,2,1193.81,15.03125,4.3025,1,1193.81
16451,83,2,746.1800000000001,7.921568627450981,2.578039215686274,1,746.1800000000001
16452,152,2,332.17,11.055555555555555,1.8605555555555557,1,332.17
16453,52,2,251.71,9.266666666666667,3.134,1,251.71
16454,128,2,24.05,3.0,3.025,1,24.05
16455,141,1,905.16,24.55,2.5355,1,905.16
16456,58,4,1677.35,6.283950617283951,2.837530864197531,1,1677.35
16458,16,6,933.03,6.8428571428571425,2.4555714285714285,1,933.03
16459,251,1,71.78999999999999,11.8,2.568,1,71.78999999999999
16461,112,2,1402.91,4.0227272727272725,2.445590909090909,1,1402.91
16466,41,5,1671.3,4.931034482758621,3.8899310344827582,1,1671.3
16467,30,7,2869.16,307.6666666666667,1.2175,1,2869.16
16468,3,1,101.6,4.363636363636363,2.3954545454545455,1,101.6
16469,36,1,178.48000000000002,3.130434782608696,3.741739130434783,1,178.48000000000002
16470,9,5,869.5,3.1037037037037036,2.4918518518518518,1,869.5
16471,90,2,663.23,11.181818181818182,2.9224242424242424,1,663.23
16472,119,1,557.04,6.461538461538462,7.626153846153846,1,557.04
16477,6,1,515.03,12.382352941176471,1.9758823529411766,1,515.03
16481,204,1,453.38,12.5625,2.63125,1,453.38
16485,115,3,1331.51,8.082191780821917,3.372602739726027,1,1331.51
16486,59,1,134.36,3.4285714285714284,6.841428571428572,1,134.36
16487,99,2,209.4,4.6571428571428575,2.0085714285714285,1,209.4
16492,62,1,385.56,10.217391304347826,2.554782608695652,1,385.56
16493,44,2,606.21,13.270833333333334,2.4010416666666665,1,606.21
16496,31,2,453.0,16.689655172413794,1.9896551724137932,1,453.0
16497,33,13,2696.86,7.890322580645162,4.283806451612903,1,2696.86
16499,35,3,705.47,10.477272727272727,3.851590909090909,1,705.47
16500,65,1,147.55,7.0,3.4318181818181817,1,147.55
16502,142,2,258.55,5.365853658536586,4.198536585365853,1,258.55
16503,33,3,896.71,6.625,4.260892857142857,1,896.71
16507,94,1,142.71,2.9210526315789473,1.9602631578947367,1,142.71
16508,152,1,240.95,2.395348837209302,3.6434883720930236,1,240.95
16510,20,4,1088.28,9.411764705882353,3.2444117647058826,1,1088.28
16511,170,1,300.15,2.7454545454545456,2.515454545454545,1,300.15
16515,62,1,671.59,9.166666666666666,3.5313333333333334,1,671.59
16518,78,1,155.0,4.444444444444445,5.783333333333333,1,155.0
16519,7,2,223.98,4.173913043478261,3.4726086956521742,1,223.98
16520,111,2,645.0,2.4690265486725664,2.7328318584070797,1,645.0
16521,170,1,95.12,3.84,2.1104,1,95.12
16523,114,3,1123.23,9.880952380952381,4.555,1,1123.23
16524,213,1,101.3,8.071428571428571,3.245,1,101.3
16525,10,17,9259.09,45.00735294117647,3.18125,1,9259.09
16526,106,1,426.85,8.65,5.6530000000000005,1,426.85
16529,28,2,801.02,6.375,3.8810416666666665,1,801.02
16530,190,1,48.35,5.666666666666667,5.883333333333333,1,48.35
16532,142,1,861.5999999999999,240.0,3.59,1,861.5999999999999
16534,164,1,635.9,4.666666666666667,5.134444444444444,1,635.9
16535,202,1,20.0,1.0,20.0,1,20.0
16537,163,1,23.35,14.75,0.5125,1,23.35
16538,63,3,395.07,6.195121951219512,1.9609756097560977,1,395.07
16539,24,3,785.0500000000001,5.043478260869565,5.657608695652174,1,785.0500000000001
16541,257,1,424.03,4.552631578947368,3.6868421052631577,1,424.03
16543,113,1,292.21,17.61111111111111,1.3544444444444443,1,292.21
16544,41,4,376.70000000000005,13.636363636363637,2.7809090909090908,1,376.70000000000005
16547,68,1,104.25999999999999,4.32,2.2088,1,104.25999999999999
16548,121,1,30.15,1.0,5.0249999999999995,1,30.15
16549,6,11,2121.94,1.7114882506527416,1.849229765013055,1,2121.94
16550,35,10,4555.15,7.336158192090395,2.5577118644067793,1,4555.15
16551,139,3,961.4399999999999,18.09090909090909,3.946363636363636,1,961.4399999999999
16553,3,12,5050.47,51.92741935483871,1.7999999999999998,1,5050.47
16554,62,3,1053.64,8.089285714285714,4.314107142857143,1,1053.64
16555,27,4,1629.79,33.48979591836735,2.0248979591836735,1,1629.79
16556,24,7,3526.84,8.655172413793103,5.124630541871921,1,3526.84
16558,5,8,2575.64,8.224137931034482,3.2801724137931036,1,2575.64
16560,104,5,1874.8400000000001,7.495652173913044,4.39591304347826,1,1874.8400000000001
16563,52,3,1308.36,29.96,2.2284,1,1308.36
16564,91,1,87.80000000000001,8.0,3.29,1,87.80000000000001
16565,8,2,392.35,15.0,4.278571428571429,1,392.35
16568,163,1,477.29999999999995,27.0,22.450000000000003,1,477.29999999999995
16569,153,4,1331.03,29.833333333333332,1.9986666666666666,1,1331.03
16570,33,4,1473.92,17.83606557377049,2.284918032786885,1,1473.92
16571,12,5,1459.33,15.670212765957446,1.9036170212765957,1,1459.33
16574,180,1,590.91,9.975609756097562,1.9153658536585365,1,590.91
16576,43,1,227.4,10.0,3.6607142857142856,1,227.4
16577,188,1,380.0,6.173913043478261,4.243478260869566,1,380.0
16578,148,1,156.6,12.0,1.4500000000000002,1,156.6
16583,195,1,64.5,10.5,1.75,1,64.5
16584,21,2,1430.8600000000001,19.128205128205128,2.311025641025641,1,1430.8600000000001
16585,115,2,341.59000000000003,8.38888888888889,3.0822222222222226,1,341.59000000000003
16586,157,1,328.05,11.166666666666666,5.6000000000000005,1,328.05
16588,27,2,823.05,12.175,3.9887500000000005,1,823.05
16592,5,9,2534.86,11.462068965517242,2.419862068965517,1,2534.86
16593,241,2,278.73,8.5,8.361666666666666,1,278.73
16595,128,2,714.92,2.8730964467005076,1.9343147208121827,1,714.92
16596,211,2,208.83,6.916666666666667,3.361666666666667,1,208.83
16600,5,2,475.03,20.84375,1.3487500000000001,1,475.03
16601,145,1,67.25,22.5,1.5,1,67.25
16604,84,2,432.45000000000005,14.583333333333334,2.975,1,432.45000000000005
16605,246,1,60.48,144.0,0.42,1,60.48
16607,42,4,1096.26,10.015873015873016,3.4426984126984124,1,1096.26
16608,185,1,685.3,4.03125,3.965625,1,685.3
16611,17,4,1326.74,8.777777777777779,3.0896296296296297,1,1326.74
16612,21,3,1161.6200000000001,9.620689655172415,3.3455172413793104,1,1161.6200000000001
16614,100,1,293.15,4.7,6.45,1,293.15
16615,148,1,291.5,11.105263157894736,3.3084210526315787,1,291.5
16619,120,2,1364.92,9.686746987951807,3.5746987951807228,1,1364.92
16620,84,3,1311.47,12.246376811594203,2.2427536231884058,1,1311.47
16622,65,1,225.4,3.6666666666666665,5.958333333333333,1,225.4
16623,58,2,575.54,8.133333333333333,3.546666666666667,1,575.54
16625,2,2,580.5,12.636363636363637,1.9266666666666665,1,580.5
16628,163,1,78.0,10.0,1.95,1,78.0
16631,3,7,1892.52,9.6875,4.076124999999999,1,1892.52
16632,7,2,406.4,9.481481481481481,1.612962962962963,1,406.4
16634,142,2,619.2,7.297297297297297,4.715135135135135,1,619.2
16636,104,3,2506.79,33.12765957446808,2.4610638297872343,1,2506.79
16638,0,2,127.45,6.142857142857143,4.792857142857143,1,127.45
16641,223,1,323.4,8.25,1.9812500000000002,1,323.4
16645,257,1,160.39,8.357142857142858,2.3814285714285717,1,160.39
16647,66,1,144.13,8.125,4.8175,1,144.13
16648,112,1,252.84,11.692307692307692,2.4492307692307693,1,252.84
16649,42,1,306.58,4.1,6.8095,1,306.58
16650,6,4,1032.18,13.703703703703704,2.524074074074074,1,1032.18
16651,108,1,136.2,10.0,2.9333333333333336,1,136.2
16652,73,3,4762.16,30.956521739130434,4.273188405797101,1,4762.16
16654,48,2,592.5,8.6,3.58,1,592.5
16655,16,5,1538.39,4.616666666666666,2.6082083333333332,1,1538.39
16656,1,9,6779.66,104.82352941176471,1.9119607843137256,1,6779.66
16658,85,3,273.54,4.428571428571429,4.2492857142857146,1,273.54
16660,216,1,141.6,16.0,4.6,1,141.6
16661,62,4,932.76,5.870967741935484,3.3351612903225805,1,932.76
16663,251,1,165.0,100.0,1.65,1,165.0
16664,91,1,109.2,3.0,5.25,1,109.2
16666,143,1,98.73,7.5625,2.219375,1,98.73
16668,14,4,409.0,14.807692307692308,2.0142307692307693,1,409.0
16670,33,4,2352.69,8.733333333333333,2.9998,1,2352.69
16673,201,1,171.13,5.0,2.8073684210526317,1,171.13
16675,0,1,307.06,9.473684210526315,2.761578947368421,1,307.06
16677,174,1,263.23,7.894736842105263,3.3084210526315787,1,263.23
16679,69,1,187.15,5.166666666666667,6.766666666666667,1,187.15
16680,50,2,637.75,14.894736842105264,2.994736842105263,1,637.75
16681,163,1,151.5,17.0,2.104,1,151.5
16683,55,1,320.25,10.555555555555555,3.2088888888888887,1,320.25
16684,49,15,30686.88,182.85826771653544,2.6868503937007877,1,30686.88
16686,49,5,1168.6,3.0833333333333335,2.1155434782608693,1,1168.6
16691,83,1,35.88,13.75,0.9524999999999999,1,35.88
16693,38,2,437.52,3.75,2.535657894736842,1,437.52
16694,245,1,98.30000000000001,8.666666666666666,16.666666666666668,1,98.30000000000001
16695,83,2,191.9,5.257142857142857,2.1971428571428575,1,191.9
16699,26,5,567.96,8.641509433962264,2.402264150943396,1,567.96
16700,42,7,2522.62,12.155844155844155,2.1976623376623374,1,2522.62
16701,3,10,3481.85,29.79047619047619,2.2864761904761903,1,3481.85
16702,87,3,794.92,7.123287671232877,3.675205479452055,1,794.92
16704,140,2,664.16,8.018518518518519,2.8487037037037033,1,664.16
16705,44,15,15196.111,28.31496062992126,3.7821692913385827,1,15196.111
16707,70,3,337.88,5.425531914893617,2.7151063829787234,1,337.88
16709,66,5,3518.99,11.895652173913044,4.467304347826087,1,3518.99
16710,59,8,2287.1,5.246246246246246,2.3879279279279277,1,2287.1
16711,147,3,895.65,37.875,4.1725,1,895.65
16713,8,12,5160.78,6.722105263157895,3.6112631578947365,1,5160.78
16714,192,1,368.27,10.391304347826088,2.986521739130435,1,368.27
16715,84,1,323.8,59.111111111111114,1.2433333333333332,1,323.8
16716,152,1,1248.48,132.0,1.5333333333333332,1,1248.48
16717,91,3,1127.38,8.290322580645162,2.8827419354838706,1,1127.38
16718,111,4,2400.03,11.406015037593985,2.495037593984962,1,2400.03
16719,72,4,1060.35,6.061224489795919,3.9552040816326532,1,1060.35
16720,244,1,160.07,1.8043478260869565,2.847391304347826,1,160.07
16722,14,7,2278.35,17.99173553719008,1.5015702479338844,1,2278.35
16723,257,1,426.43,2.586206896551724,3.4401724137931033,1,426.43
16725,248,1,204.73,2.5084745762711864,2.6016949152542375,1,204.73
16727,143,2,808.6899999999999,8.095238095238095,1.6297619047619047,1,808.6899999999999
16731,170,1,170.3,2.9523809523809526,1.8114285714285714,1,170.3
16732,133,2,1472.88,10.695121951219512,3.1406097560975605,1,1472.88
16733,51,1,259.68,9.333333333333334,2.8783333333333334,1,259.68
16735,83,6,2138.98,15.368421052631579,2.0853684210526318,1,2138.98
16736,27,5,2956.56,7.3426573426573425,4.299160839160839,1,2956.56
16737,99,1,417.6,288.0,1.45,1,417.6
16739,58,1,463.43,8.76,3.2536,1,463.43
16741,147,1,173.06,7.363636363636363,3.2436363636363637,1,173.06
16742,14,13,2334.9700000000003,24.825242718446603,2.0394174757281553,1,2334.9700000000003
16743,13,5,1419.66,9.05072463768116,1.4897826086956523,1,1419.66
16746,23,17,7300.02,19.03265306122449,2.441183673469388,1,7300.02
16748,57,5,885.85,13.324324324324325,1.9229729729729728,1,885.85
16749,113,2,4157.88,26.52777777777778,2.9561111111111114,1,4157.88
16754,15,25,49411.79,326.73387096774195,1.760483870967742,1,49411.79
16755,119,3,1027.41,5.37719298245614,2.4717543859649127,1,1027.41
16756,3,4,754.87,9.5,2.8765217391304345,1,754.87
16763,260,1,352.85,8.238095238095237,3.092857142857143,1,352.85
16767,15,3,1731.54,20.321428571428573,1.2553571428571428,1,1731.54
16768,66,4,803.63,4.56,3.3913333333333333,1,803.63
16769,0,3,755.51,3.6440677966101696,5.415084745762712,1,755.51
16771,66,4,1598.83,4.947712418300654,3.145032679738562,1,1598.83
16772,222,2,2001.1,10.761904761904763,7.564285714285714,1,2001.1
16773,255,1,137.75,1.9583333333333333,4.059166666666667,1,137.75
16774,33,3,770.26,4.851351351351352,3.7408108108108107,1,770.26
16777,52,2,259.77,2.6,3.4139999999999997,1,259.77
16779,20,25,19195.89,21.881932021466906,2.035313059033989,1,19195.89
16781,191,1,311.75,3.590909090909091,6.418181818181818,1,311.75
16782,3,14,2967.21,1.9350132625994696,2.751631299734748,1,2967.21
16784,15,2,315.52,2.9454545454545453,2.3543636363636367,1,315.52
16787,143,2,687.26,3.2111111111111112,3.6975555555555553,1,687.26
16788,72,2,799.58,1.8705357142857142,2.5065625000000002,1,799.58
16791,71,4,1049.42,3.1481481481481484,3.3342592592592593,1,1049.42
16792,110,2,367.19,2.710144927536232,2.566086956521739,1,367.19
16794,87,3,517.85,2.3624161073825505,1.9521476510067115,1,517.85
16795,205,1,607.82,2.9910714285714284,2.2658035714285716,1,607.82
16797,61,3,1016.23,2.410958904109589,2.7888584474885842,1,1016.23
16798,76,3,841.16,1.21301775147929,4.208934911242603,1,841.16
16802,201,2,582.61,6.962264150943396,1.8016981132075471,1,582.61
16805,99,3,630.75,3.847682119205298,2.332384105960265,1,630.75
16807,97,2,643.8,8.434782608695652,2.6913043478260867,1,643.8
16809,48,2,377.69,2.810810810810811,2.070945945945946,1,377.69
16814,16,10,4210.95,4.141711229946524,3.614385026737968,1,4210.95
16815,58,1,233.12,2.35,3.03925,1,233.12
16822,208,1,181.39,15.545454545454545,2.5436363636363635,1,181.39
16823,149,2,455.38,5.404255319148936,2.522553191489362,1,455.38
16825,56,1,363.3,63.6,4.05,1,363.3
16827,91,2,109.0,8.8,8.690000000000001,1,109.0
16830,197,2,480.39,9.607142857142858,2.999642857142857,1,480.39
16831,86,1,91.8,8.0,2.783333333333333,1,91.8
16833,145,1,312.88,6.285714285714286,5.362142857142857,1,312.88
16834,196,1,485.5,16.75,1.4258333333333333,1,485.5
16835,22,3,1098.31,5.75,4.219333333333333,1,1098.31
16836,96,1,220.75,6.230769230769231,4.088461538461538,1,220.75
16838,52,2,570.76,9.529411764705882,3.8752941176470586,1,570.76
16839,9,5,2108.24,29.897435897435898,3.1056410256410256,1,2108.24
16840,125,2,139.85,13.0,2.5055555555555555,1,139.85
16841,3,5,1792.14,11.788235294117648,2.366,1,1792.14
16843,16,12,6535.05,38.64,2.1053333333333333,1,6535.05
16844,84,2,614.34,8.78125,3.2328125,1,614.34
16845,140,1,253.88,8.35,3.443,1,253.88
16846,99,2,628.09,10.61111111111111,2.7308333333333334,1,628.09
16847,140,1,421.45,7.08,5.6339999999999995,1,421.45
16854,162,1,1290.81,13.857142857142858,2.3884285714285713,1,1290.81
16858,52,7,2618.26,11.692307692307692,4.002435897435897,1,2618.26
16859,42,3,486.67,12.86111111111111,1.669722222222222,1,486.67
16860,58,2,1179.32,10.305555555555555,5.690277777777777,1,1179.32
16861,30,1,137.4,17.333333333333332,2.8166666666666664,1,137.4
16862,69,4,662.33,14.657142857142857,2.358857142857143,1,662.33
16864,120,1,111.72000000000001,42.0,2.005,1,111.72000000000001
16867,211,1,76.74000000000001,9.666666666666666,1.5283333333333333,1,76.74000000000001
16868,115,1,183.9,1.9583333333333333,4.95625,1,183.9
16873,3,5,5823.99,18.651282051282053,2.373846153846154,1,5823.99
16875,20,4,1826.94,8.435643564356436,3.917722772277228,1,1826.94
16880,15,1,321.78000000000003,17.555555555555557,3.9433333333333334,1,321.78000000000003
16883,3,17,1973.58,3.9695652173913043,3.595695652173913,1,1973.58
16884,78,2,641.13,4.166666666666667,5.808333333333334,1,641.13
16887,260,1,219.82,5.205882352941177,2.488235294117647,1,219.82
16888,198,2,317.31,3.2580645161290325,4.598709677419355,1,317.31
16889,38,2,649.54,8.206896551724139,2.4093103448275865,1,649.54
16890,86,2,244.61,10.833333333333334,2.0050000000000003,1,244.61
16891,0,6,985.51,1.668103448275862,3.3459913793103446,1,985.51
16892,76,2,236.56,3.275,3.9115,1,236.56
16894,24,3,1306.96,2.6898395721925135,4.633903743315508,1,1306.96
16895,68,3,560.48,2.8493150684931505,3.5763013698630135,1,560.48
16896,77,1,103.95,1.0,5.775,1,103.95
16898,98,1,192.64,4.882352941176471,2.432352941176471,1,192.64
16901,251,1,204.26,1.826086956521739,6.1256521739130445,1,204.26
16905,19,7,981.25,3.8055555555555554,4.213888888888889,1,981.25
16906,97,2,343.36,1.9333333333333333,3.2550000000000003,1,343.36
16907,48,1,104.65,1.6,4.743333333333334,1,104.65
16908,244,1,252.59,3.05,3.9219999999999997,1,252.59
16911,157,2,255.25,4.6,2.318571428571429,1,255.25
16912,178,2,725.84,10.478260869565217,4.900434782608696,1,725.84
16913,173,2,310.47,14.7,5.053,1,310.47
16915,36,2,500.45000000000005,3.1,34.61,1,500.45000000000005
16917,154,1,1460.3600000000001,13.658536585365853,5.515365853658537,1,1460.3600000000001
16918,26,9,1691.65,3.9814814814814814,2.1623703703703705,1,1691.65
16921,122,1,141.56,2.3181818181818183,5.1486363636363635,1,141.56
16922,94,1,611.08,2.30327868852459,3.0281967213114753,1,611.08
16923,50,6,2460.67,5.838235294117647,2.797009803921569,1,2460.67
16925,62,1,125.65,6.833333333333333,2.3866666666666667,1,125.65
16926,8,3,733.21,2.013888888888889,5.485,1,733.21
16928,182,2,127.2,2.25,25.9125,1,127.2
16932,93,1,115.23,1.488888888888889,2.181111111111111,1,115.23
16933,20,4,1805.73,5.558659217877095,2.6150837988826816,1,1805.73
16934,42,3,773.61,7.5964912280701755,3.5336842105263155,1,773.61
16937,21,1,196.25,2.510204081632653,1.9846938775510203,1,196.25
16938,15,3,2694.46,4.10025706940874,2.595655526992288,1,2694.46
16939,10,3,433.84999999999997,5.585365853658536,3.1726829268292684,1,433.84999999999997
16940,64,4,2360.31,7.05531914893617,1.9317872340425533,1,2360.31
16941,133,1,33.0,6.0,2.75,1,33.0
16943,61,2,482.76,1.0,241.38,1,482.76
16944,131,1,101.36,3.857142857142857,5.897142857142858,1,101.36
16945,16,10,2819.63,14.865384615384615,1.8517307692307692,1,2819.63
16946,33,4,1035.94,6.523809523809524,3.731269841269841,1,1035.94
16947,83,3,525.33,9.903225806451612,2.4403225806451614,1,525.33
16948,57,3,394.85,19.19047619047619,2.6738095238095236,1,394.85
16950,31,4,1203.52,17.541666666666668,2.044166666666667,1,1203.52
16952,250,1,249.09,3.242424242424242,2.867272727272727,1,249.09
16954,19,8,3127.99,20.630252100840337,2.2481512605042013,1,3127.99
16955,76,2,601.64,18.28,2.146,1,601.64
16960,78,2,754.18,3.7106598984771573,1.7816751269035533,1,754.18
16961,54,1,162.05,9.88888888888889,4.116666666666666,1,162.05
16964,255,2,207.85,8.166666666666666,4.55,1,207.85
16970,148,1,71.4,6.0,5.95,1,71.4
16974,44,2,365.5,8.75,5.3125,1,365.5
16975,27,1,315.0,12.923076923076923,2.083846153846154,1,315.0
16977,108,3,360.3,6.0,5.276315789473684,1,360.3
16978,188,2,424.55,4.25,3.789285714285714,1,424.55
16984,0,6,4842.59,3.837789661319073,4.081051693404635,1,4842.59
16985,7,9,4121.55,9.175925925925926,9.361944444444445,1,4121.55
16986,84,8,2843.05,8.386904761904763,4.144047619047619,1,2843.05
16987,128,3,646.1,2.0531914893617023,4.087978723404255,1,646.1
16992,20,4,1824.64,6.056603773584905,6.319999999999999,1,1824.64
16993,98,1,719.8,8.615384615384615,7.888461538461538,1,719.8
17001,12,5,1472.53,13.935483870967742,3.024677419354839,1,1472.53
17002,104,3,433.96,10.4,4.146,1,433.96
17003,100,1,144.36,4.863636363636363,1.336818181818182,1,144.36
17005,110,1,333.75,25.384615384615383,2.1015384615384614,1,333.75
17006,166,1,179.76,2.7096774193548385,2.867096774193548,1,179.76
17009,73,1,242.06,30.545454545454547,1.7272727272727273,1,242.06
17011,169,2,400.8,46.61538461538461,1.4561538461538461,1,400.8
17012,247,1,360.61,6.972222222222222,2.201111111111111,1,360.61
17016,98,1,552.4,7.536585365853658,3.7685365853658532,1,552.4
17017,63,2,687.32,27.75,2.57875,1,687.32
17018,99,3,962.6,14.666666666666666,5.05,1,962.6
17019,51,3,1010.21,3.875,2.0177976190476192,1,1010.21
17020,64,2,935.62,12.46376811594203,1.6201449275362318,1,935.62
17021,27,4,809.73,23.625,2.5659375,1,809.73
17023,8,2,604.5600000000001,12.055555555555555,2.1733333333333333,1,604.5600000000001
17025,163,1,848.7,22.636363636363637,1.7463636363636363,1,848.7
17027,175,2,244.25,1.6666666666666667,20.561111111111114,1,244.25
17028,103,3,1593.83,9.010526315789473,3.4441052631578946,1,1593.83
17029,48,3,889.15,45.53846153846154,1.6561538461538463,1,889.15
17031,72,2,1975.0,47.083333333333336,1.96875,1,1975.0
17032,69,8,2984.32,7.033755274261603,3.2261181434599155,1,2984.32
17034,35,1,190.45000000000002,11.3,1.895,1,190.45000000000002
17035,113,2,180.06,19.6,3.7979999999999996,1,180.06
17039,126,1,1954.99,15.659090909090908,3.930454545454545,1,1954.99
17040,72,1,13.52,8.0,1.69,1,13.52
17041,122,2,220.41,9.28,1.8296000000000001,1,220.41
17043,92,2,564.6,6.746666666666667,3.4477333333333333,1,564.6
17044,92,4,3207.98,18.8,4.2976363636363635,1,3207.98
17046,6,3,716.11,18.105263157894736,1.4160526315789475,1,716.11
17047,132,2,765.9300000000001,8.098039215686274,3.382156862745098,1,765.9300000000001
17048,128,2,440.23,7.206896551724138,2.4782758620689656,1,440.23
17049,13,6,2501.75,6.401408450704225,5.020140845070423,1,2501.75
17050,10,4,1162.55,17.857142857142858,10.365714285714287,1,1162.55
17051,108,2,283.05,2.257575757575758,1.9636363636363636,1,283.05
17056,260,1,128.60000000000002,3.25,4.125,1,128.60000000000002
17057,118,1,294.74,2.58,2.9414,1,294.74
17059,21,4,1784.18,6.072463768115942,2.814009661835749,1,1784.18
17063,8,4,1427.34,8.404255319148936,2.415,1,1427.34
17065,159,2,194.7,6.833333333333333,3.3833333333333333,1,194.7
17066,248,1,228.34,5.166666666666667,2.717777777777778,1,228.34
17067,246,3,454.54,24.76923076923077,2.1592307692307693,1,454.54
17068,10,14,2415.11,3.1219512195121952,2.500108401084011,1,2415.11
17069,104,2,1250.83,11.95,1.7646249999999999,1,1250.83
17071,3,3,816.78,11.854166666666666,3.0700000000000003,1,816.78
17072,147,1,273.35,10.095238095238095,1.7557142857142856,1,273.35
17074,84,1,203.05,4.75,10.3,1,203.05
17075,0,5,1002.83,4.0843373493975905,4.135180722891566,1,1002.83
17076,160,2,191.75,8.916666666666666,2.473333333333333,1,191.75
17077,100,1,306.0,36.0,8.5,1,306.0
17080,28,3,367.65,14.928571428571429,3.8821428571428567,1,367.65
17081,87,2,277.54,2.38,4.0412,1,277.54
17082,147,3,1785.38,16.87719298245614,2.5226315789473683,1,1785.38
17083,48,4,1659.47,20.89189189189189,2.9337837837837837,1,1659.47
17085,10,12,2723.28,3.4327485380116958,3.022368421052632,1,2723.28
17087,259,1,221.53,9.416666666666666,3.203333333333333,1,221.53
17090,27,3,611.76,10.421052631578947,3.1042105263157898,1,611.76
17091,5,7,2408.59,7.604519774011299,2.9897175141242935,1,2408.59
17092,15,5,2527.9700000000003,8.730964467005077,2.400659898477157,1,2527.9700000000003
17093,114,1,235.88,8.76923076923077,3.053076923076923,1,235.88
17095,153,2,629.9300000000001,12.8,4.4239999999999995,1,629.9300000000001
17096,24,4,1743.75,7.324561403508772,3.7732456140350874,1,1743.75
17098,62,1,299.47,6.1,6.108,1,299.47
17099,55,1,582.17,7.925,3.178,1,582.17
17101,72,1,168.4,8.8,3.09,1,168.4
17103,244,1,424.3,14.71875,1.6868750000000001,1,424.3
17107,3,3,4392.37,11.817258883248732,3.03751269035533,1,4392.37
17108,185,1,174.95,3.4444444444444446,5.25,1,174.95
17109,19,1,184.69,8.416666666666666,2.908333333333333,1,184.69
17110,42,2,336.6,2.324324324324324,3.9770270270270274,1,336.6
17112,24,1,197.57,2.765957446808511,1.9951063829787232,1,197.57
17113,96,6,2305.59,5.7784810126582276,4.1256329113924055,1,2305.59
17115,70,4,1923.99,6.333333333333333,5.295679012345679,1,1923.99
17116,170,1,389.78,8.340425531914894,1.5346808510638297,1,389.78
17122,21,1,102.02000000000001,12.285714285714286,1.412857142857143,1,102.02000000000001
17123,94,1,217.36,10.61111111111111,1.2999999999999998,1,217.36
17127,3,3,604.83,7.6923076923076925,4.022692307692308,1,604.83
17129,42,1,31.85,2.5,6.725,1,31.85
17132,10,1,628.53,11.634146341463415,2.7131707317073173,1,628.53
17133,72,4,8079.85,285.8636363636364,2.063181818181818,1,8079.85
17135,10,2,355.95,3.1298701298701297,1.8075324675324675,1,355.95
17136,184,1,231.68,18.285714285714285,2.8042857142857143,1,231.68
17137,9,5,908.33,3.6455696202531644,2.115443037974684,1,908.33
17138,54,5,3891.87,8.08,3.9024888888888887,1,3891.87
17139,10,9,5919.96,17.442105263157895,2.894157894736842,1,5919.96
17141,206,2,400.59000000000003,2.6103896103896105,3.4275324675324677,1,400.59000000000003
17142,55,2,438.05,3.4782608695652173,3.7065217391304346,1,438.05
17143,37,1,642.8100000000001,2.9220779220779223,3.724415584415584,1,642.8100000000001
17145,34,4,3120.91,14.394444444444444,2.8254444444444444,1,3120.91
17146,5,8,4385.96,7.017543859649122,4.312675438596491,1,4385.96
17147,75,4,1020.91,6.342105263157895,5.735,1,1020.91
17150,87,4,795.65,3.9473684210526314,5.026140350877193,1,795.65
17151,257,1,231.90000000000003,10.5,5.575,1,231.90000000000003
17155,49,5,640.76,14.056603773584905,1.6528301886792451,1,640.76
17156,13,1,591.87,10.025641025641026,2.0646153846153843,1,591.87
17157,2,17,4832.900000000001,15.0,2.99921875,1,4832.900000000001
17158,69,2,713.03,8.021739130434783,4.001956521739131,1,713.03
17159,167,1,261.3,7.090909090909091,5.013636363636364,1,261.3
17160,19,7,3917.77,13.875,1.6018145161290323,1,3917.77
17163,197,1,141.24,16.8,1.766,1,141.24
17165,78,4,1208.93,8.323076923076924,4.0656923076923075,1,1208.93
17168,20,1,400.2,10.476190476190476,3.2785714285714285,1,400.2
17169,100,1,320.95,6.904761904761905,3.5857142857142854,1,320.95
17171,183,1,159.68,4.444444444444445,7.071111111111112,1,159.68
17172,248,1,336.82,27.285714285714285,1.2357142857142858,1,336.82
17176,48,2,596.1899999999999,15.037037037037036,2.0677777777777777,1,596.1899999999999
17177,27,1,119.5,1.3793103448275863,3.3982758620689655,1,119.5
17178,253,1,432.96000000000004,3.225806451612903,5.310967741935484,1,432.96000000000004
17179,84,1,193.17000000000002,4.037037037037037,1.9855555555555555,1,193.17000000000002
17180,69,5,1062.22,4.514851485148514,1.8689108910891088,1,1062.22
17181,117,1,69.93,5.4,12.138000000000002,1,69.93
17182,240,1,178.5,15.0,5.95,1,178.5
17184,91,2,198.41000000000003,5.214285714285714,3.952142857142857,1,198.41000000000003
17185,113,3,229.46,2.7045454545454546,1.9956818181818183,1,229.46
17187,48,1,263.76,21.692307692307693,1.863846153846154,1,263.76
17188,30,5,1713.02,13.935064935064934,2.571688311688312,1,1713.02
17189,83,3,569.88,6.25,2.312,1,569.88
17190,71,3,937.37,19.540816326530614,2.930102040816326,1,937.37
17191,8,6,1574.13,3.0273224043715845,3.2602185792349725,1,1574.13
17192,58,1,75.28,2.25,3.036,1,75.28
17193,259,1,45.0,36.0,1.25,1,45.0
17194,52,1,549.88,9.40625,3.405,1,549.88
17195,177,1,562.98,15.67741935483871,1.5964516129032258,1,562.98
17199,104,1,135.04000000000002,29.0,0.88125,1,135.04000000000002
17200,174,2,165.06,5.428571428571429,1.9695238095238095,1,165.06
17201,45,3,853.32,5.81203007518797,2.6962406015037597,1,853.32
17204,69,1,299.33,14.1875,2.066875,1,299.33
17205,86,1,274.95,46.166666666666664,1.5508333333333333,1,274.95
17207,174,1,292.62,3.8833333333333333,2.0286666666666666,1,292.62
17209,171,3,595.7,19.026315789473685,2.6447368421052633,1,595.7
17211,171,4,1263.0,6.348623853211009,2.9555963302752297,1,1263.0
17212,8,1,448.52,21.68421052631579,2.122105263157895,1,448.52
17213,19,6,2088.17,8.357798165137615,3.637155963302752,1,2088.17
17216,76,1,63.6,1.6153846153846154,3.1846153846153844,1,63.6
17217,141,1,96.6,3.8333333333333335,2.4833333333333334,1,96.6
17218,44,4,883.99,4.886363636363637,3.2101136363636367,1,883.99
17220,161,4,634.9399999999999,4.393939393939394,2.0081818181818183,1,634.9399999999999
17221,113,3,642.14,6.870967741935484,2.6274193548387097,1,642.14
17222,111,4,665.61,6.092592592592593,3.260740740740741,1,665.61
17224,23,1,100.86000000000001,8.125,7.1425,1,100.86000000000001
17225,103,1,131.15,7.2,3.2600000000000002,1,131.15
17226,187,1,420.98,11.0,2.848787878787879,1,420.98
17227,48,4,598.15,13.8,1.0982222222222222,1,598.15
17228,40,4,703.93,6.709677419354839,1.821075268817204,1,703.93
17230,85,10,5750.08,14.202702702702704,3.9992567567567567,1,5750.08
17231,41,11,2794.9,2.988962472406181,3.2009492273730684,1,2794.9
17233,246,1,179.36,4.615384615384615,4.553076923076923,1,179.36
17235,14,4,583.72,9.585365853658537,2.08219512195122,1,583.72
17236,47,5,839.98,6.275,6.0655,1,839.98
17238,5,11,2491.08,2.7346437346437344,2.892948402948403,1,2491.08
17239,48,1,308.45000000000005,29.75,3.35,1,308.45000000000005
17240,118,1,130.60000000000002,15.428571428571429,1.6214285714285714,1,130.60000000000002
17241,37,10,2408.59,5.304054054054054,4.647162162162162,1,2408.59
17242,104,2,1016.9399999999999,20.583333333333332,2.1366666666666667,1,1016.9399999999999
17243,6,31,8544.48,6.681434599156118,4.288417721518988,1,8544.48
17244,255,1,260.65,2.7142857142857144,5.733333333333333,1,260.65
17245,211,1,200.18,14.5,1.318125,1,200.18
17246,68,2,38.92,6.0,3.735,1,38.92
17248,3,1,181.89000000000001,1.8,2.8634285714285714,1,181.89000000000001
17251,246,1,306.40000000000003,7.9,3.2619999999999996,1,306.40000000000003
17256,3,3,258.93,10.533333333333333,1.879333333333333,1,258.93
17258,187,1,283.85,3.6857142857142855,2.5785714285714287,1,283.85
17259,51,2,616.54,3.632183908045977,3.1960919540229886,1,616.54
17261,31,1,221.59,2.2093023255813953,2.4299999999999997,1,221.59
17262,0,6,1235.4,38.285714285714285,6.168571428571428,1,1235.4
17266,21,2,205.14,1.9565217391304348,3.0730434782608693,1,205.14
17268,13,6,847.85,17.695652173913043,2.9130434782608696,1,847.85
17270,254,1,389.62,17.6,3.7366666666666664,1,389.62
17271,258,1,204.3,2.3541666666666665,2.863958333333333,1,204.3
17278,87,1,25.2,8.0,2.3,1,25.2
17281,22,4,510.29999999999995,46.5,2.8499999999999996,1,510.29999999999995
17282,70,1,352.93,3.9384615384615387,2.9076923076923076,1,352.93
17285,150,2,407.94,3.0454545454545454,4.66,1,407.94
17287,44,10,1423.62,3.9797979797979797,2.8524747474747474,1,1423.62
17289,38,4,642.47,4.690476190476191,2.8546428571428573,1,642.47
17290,76,4,469.88,7.695652173913044,3.0430434782608695,1,469.88
17292,101,1,141.35000000000002,16.166666666666668,3.6033333333333335,1,141.35000000000002
17293,1,7,1174.54,9.626666666666667,2.799733333333333,1,1174.54
17294,191,2,467.79,17.470588235294116,2.698823529411765,1,467.79
17296,252,1,338.13,6.545454545454546,3.890909090909091,1,338.13
17298,15,2,340.34,10.972222222222221,1.5416666666666667,1,340.34
17299,3,1,217.92000000000002,4.142857142857143,1.9565714285714286,1,217.92000000000002
17300,3,1,155.8,10.68421052631579,1.343157894736842,1,155.8
17301,146,1,131.15,1.462962962962963,1.7462962962962962,1,131.15
17304,56,1,111.5,14.6,3.168,1,111.5
17305,170,1,2135.46,111.77777777777777,3.07,1,2135.46
17307,1,7,2244.31,86.375,2.1,1,2244.31
17309,195,1,209.89000000000001,4.619047619047619,4.0042857142857144,1,209.89000000000001
17310,56,1,765.0,300.0,2.55,1,765.0
17311,82,2,1242.49,29.377777777777776,1.6117777777777778,1,1242.49
17314,9,8,2041.88,14.73394495412844,2.8508256880733946,1,2041.88
17318,247,1,157.32999999999998,3.4705882352941178,3.4776470588235293,1,157.32999999999998
17319,191,1,29.099999999999998,4.666666666666667,2.0500000000000003,1,29.099999999999998
17320,30,2,814.48,7.480769230769231,4.717692307692308,1,814.48
17321,77,2,492.16,3.4901960784313726,4.932941176470588,1,492.16
17322,258,1,114.55,4.107142857142857,1.2846428571428572,1,114.55
17323,6,4,513.03,5.093457943925234,1.1625233644859814,1,513.03
17324,30,6,745.44,7.508474576271187,2.4657627118644068,1,745.44
17325,163,1,101.89999999999999,12.75,1.05,1,101.89999999999999
17326,51,1,164.7,1.5510204081632653,2.8814285714285712,1,164.7
17327,84,1,4.25,1.0,4.25,1,4.25
17328,195,1,104.7,14.333333333333334,1.8833333333333335,1,104.7
17329,253,3,475.42,4.056338028169014,2.350985915492958,1,475.42
17330,66,2,59.900000000000006,1.0,29.950000000000003,1,59.900000000000006
17332,50,5,838.27,8.357894736842105,2.5733684210526317,1,838.27
17335,206,1,143.81,4.55,2.6825,1,143.81
17338,28,4,1686.63,4.1658536585365855,2.471463414634146,1,1686.63
17339,31,1,59.0,20.0,2.95,1,59.0
17340,3,5,4613.34,12.235897435897435,2.77174358974359,1,4613.34
17341,62,2,589.92,6.258064516129032,2.625967741935484,1,589.92
17342,50,3,927.14,16.689655172413794,4.872758620689655,1,927.14
17343,24,4,866.35,6.333333333333333,3.982745098039216,1,866.35
17344,250,1,299.74,3.75,2.656111111111111,1,299.74
17345,56,5,768.6,17.4,1.8920000000000001,1,768.6
17346,61,5,1269.96,5.74384236453202,1.889704433497537,1,1269.96
17348,113,2,702.12,9.16326530612245,1.5910204081632653,1,702.12
17349,61,2,257.9,40.125,1.32125,1,257.9
17350,69,2,451.471,5.625,3.4297750000000002,1,451.471
17351,66,6,842.28,6.129032258064516,4.909677419354838,1,842.28
17352,218,1,36.25,3.0,3.45,1,36.25
17353,13,2,1502.0,161.33333333333334,1.6666666666666667,1,1502.0
17356,76,4,768.25,11.328358208955224,1.5110447761194028,1,768.25
17358,175,1,117.22,5.615384615384615,3.9753846153846153,1,117.22
17359,170,1,156.6,3.3043478260869565,3.039130434782609,1,156.6
17361,198,2,383.59000000000003,7.964285714285714,2.5207142857142855,1,383.59000000000003
17362,132,4,522.87,3.0253164556962027,3.1951898734177213,1,522.87
17364,26,13,5506.54,9.10054347826087,3.6885326086956525,1,5506.54
17365,37,4,1879.89,9.682795698924732,1.9362365591397848,1,1879.89
17368,41,3,589.64,13.901639344262295,2.795409836065574,1,589.64
17371,145,3,236.97,2.2413793103448274,2.4270689655172415,1,236.97
17372,3,15,2076.16,2.9163498098859315,3.161292775665399,1,2076.16
17373,171,1,163.7,6.923076923076923,1.626923076923077,1,163.7
17376,44,1,141.25,4.590909090909091,2.825454545454545,1,141.25
17377,3,43,8479.07,3.4198782961460448,2.899421906693712,1,8479.07
17380,22,2,521.4,25.5,2.6375,1,521.4
17381,1,4,8819.34,320.38461538461536,1.889230769230769,1,8819.34
17382,48,4,360.0,29.333333333333332,1.4333333333333333,1,360.0
17388,69,4,613.37,25.142857142857142,1.6419047619047618,1,613.37
17389,12,13,6332.93,25.515151515151516,3.9292929292929295,1,6332.93
17393,10,1,194.60000000000002,5.666666666666667,1.8314814814814815,1,194.60000000000002
17395,30,1,97.5,22.0,2.0833333333333335,1,97.5
17400,103,3,2525.44,4.171102661596958,3.623764258555133,1,2525.44
17401,63,1,114.85,2.8333333333333335,4.429166666666666,1,114.85
17402,6,6,845.24,7.608695652173913,3.0643478260869568,1,845.24
17404,30,5,8295.07,157.4,2.146166666666667,1,8295.07
17406,45,9,1702.08,8.607142857142858,2.6441071428571425,1,1702.08
17408,22,2,283.44,26.666666666666668,4.2299999999999995,1,283.44
17409,86,5,3260.02,37.52,3.0351999999999997,1,3260.02
17411,258,1,344.40000000000003,7.894736842105263,2.8421052631578947,1,344.40000000000003
17412,14,7,2093.61,11.755244755244755,2.0440559440559443,1,2093.61
17413,91,1,219.84,112.0,1.6349999999999998,1,219.84
17414,56,3,1187.2,318.0,0.509,1,1187.2
17416,72,6,5589.9800000000005,15.636363636363637,4.135519480519481,1,5589.9800000000005
17417,70,1,164.18,4.75,2.7275,1,164.18
17419,21,4,1015.16,10.212765957446809,3.888936170212766,1,1015.16
17421,257,1,130.8,24.0,1.3625,1,130.8
17422,16,2,604.3000000000001,17.17241379310345,1.653103448275862,1,604.3000000000001
17426,132,3,1221.05,17.982456140350877,3.0296491228070175,1,1221.05
17428,47,8,8397.99,23.319444444444443,3.02912037037037,1,8397.99
17430,1,1,210.8,11.692307692307692,2.319230769230769,1,210.8
17432,97,3,459.55,2.984375,3.27421875,1,459.55
17436,115,2,216.0,10.285714285714286,3.3214285714285716,1,216.0
17437,51,1,369.68,5.4423076923076925,3.5225000000000004,1,369.68
17438,63,3,572.28,4.3076923076923075,6.228461538461539,1,572.28
17439,177,1,325.74,46.25,2.21375,1,325.74
17440,71,1,137.16,36.0,3.81,1,137.16
17441,254,1,293.35,11.666666666666666,2.050952380952381,1,293.35
17442,15,6,1577.08,11.07,2.6641000000000004,1,1577.08
17448,19,46,14523.67,10.34439461883408,2.1187354260089686,1,14523.67
17449,71,4,1269.17,4.488636363636363,2.6419318181818183,1,1269.17
17454,15,5,841.11,8.132075471698114,2.81377358490566,1,841.11
17457,9,6,2810.17,35.029411764705884,2.7158823529411764,1,2810.17
17460,30,7,1155.38,5.905882352941177,3.660470588235294,1,1155.38
17463,82,2,659.4,3.6481481481481484,2.693611111111111,1,659.4
17464,44,2,617.1800000000001,12.933333333333334,2.3673333333333333,1,617.1800000000001
17465,22,6,2258.18,10.666666666666666,2.9311627906976745,1,2258.18
17469,7,9,2775.58,8.53125,3.554625,1,2775.58
17470,21,2,446.28,15.5,1.7370833333333333,1,446.28
17472,150,1,224.81,1.9591836734693877,3.0902040816326526,1,224.81
17474,121,1,1047.0,33.333333333333336,6.008333333333333,1,1047.0
17476,259,1,260.36,7.75,4.543125,1,260.36
17477,134,2,1144.3,5.113636363636363,6.013181818181818,1,1144.3
17478,155,1,706.2,9.076923076923077,3.7146153846153847,1,706.2
17479,154,1,389.26000000000005,14.777777777777779,1.9966666666666666,1,389.26000000000005
17482,9,2,775.64,4.528301886792453,4.37433962264151,1,775.64
17484,98,2,209.57,24.214285714285715,2.343571428571429,1,209.57
17487,250,1,160.55,4.625,6.0625,1,160.55
17488,163,1,336.5,7.555555555555555,3.0944444444444446,1,336.5
17490,91,1,353.14,10.761904761904763,2.3076190476190477,1,353.14
17491,10,4,1157.51,13.808510638297872,2.5678723404255317,1,1157.51
17492,0,2,747.85,10.925925925925926,3.937037037037037,1,747.85
17494,23,1,54.7,8.666666666666666,4.283333333333333,1,54.7
17496,85,3,1141.84,9.612903225806452,4.182741935483871,1,1141.84
17497,132,1,204.6,14.666666666666666,4.65,1,204.6
17499,83,1,718.51,12.096774193548388,4.252258064516129,1,718.51
17504,22,5,2393.84,18.11764705882353,2.3077647058823527,1,2393.84
17505,72,3,1289.64,13.72,3.5444,1,1289.64
17508,49,5,2708.91,11.789855072463768,3.0065217391304344,1,2708.91
17511,1,17,54107.6,57.6,2.4433870967741935,1,54107.6
17512,5,6,1806.7900000000002,28.73134328358209,1.9689552238805972,1,1806.7900000000002
17513,1,1,387.0,14.571428571428571,3.5142857142857147,1,387.0
17514,191,1,313.35,3.4651162790697674,2.4441860465116276,1,313.35
17515,5,3,507.39,2.8627450980392157,5.674901960784314,1,507.39
17518,143,1,153.55,3.948717948717949,2.08974358974359,1,153.55
17519,41,8,2621.31,16.557692307692307,4.141442307692308,1,2621.31
17526,70,5,1674.25,19.104166666666668,5.7558333333333325,1,1674.25
17529,132,2,1240.25,9.634146341463415,3.7251219512195117,1,1240.25
17530,104,2,424.57,2.6091954022988504,2.5757471264367817,1,424.57
17531,49,2,970.12,7.636363636363637,4.315909090909091,1,970.12
17534,66,3,1151.53,9.015151515151516,2.7827272727272727,1,1151.53
17536,204,1,34.78,6.0,2.9633333333333334,1,34.78
17539,139,4,1176.84,4.916666666666667,2.900833333333333,1,1176.84
17540,15,3,599.35,8.25925925925926,3.024074074074074,1,599.35
17541,31,1,119.86,1.4193548387096775,3.3796774193548385,1,119.86
17542,163,2,170.1,4.846153846153846,2.12025641025641,1,170.1
17543,71,1,120.05,4.769230769230769,3.476923076923077,1,120.05
17545,99,1,339.8,16.0,8.05,1,339.8
17547,187,1,404.55,7.166666666666667,4.805555555555555,1,404.55
17550,6,5,1881.75,3.1636363636363636,3.334,1,1881.75
17552,29,7,1460.31,13.909090909090908,2.4740259740259742,1,1460.31
17553,15,2,1566.0,396.0,2.75,1,1566.0
17555,108,1,150.95,1.8297872340425532,2.0085106382978726,1,150.95
17557,254,1,34.0,4.0,8.5,1,34.0
17559,34,1,167.62,22.5,0.7866666666666666,1,167.62
17560,91,2,383.59999999999997,26.46153846153846,1.2807692307692309,1,383.59999999999997
17561,52,2,360.65,1.5714285714285714,2.865612244897959,1,360.65
17563,100,2,392.38,8.827586206896552,2.476551724137931,1,392.38
17565,108,1,131.83,2.2333333333333334,2.8463333333333334,1,131.83
17568,155,1,374.45,4.435483870967742,1.562741935483871,1,374.45
17571,64,1,205.23999999999998,2.1296296296296298,2.359074074074074,1,205.23999999999998
17572,48,3,140.61,16.166666666666668,1.7066666666666668,1,140.61
17575,189,1,171.7,14.4,6.159999999999999,1,171.7
17576,13,14,2993.58,5.777397260273973,3.206541095890411,1,2993.58
17577,167,2,348.75,8.523809523809524,2.4714285714285715,1,348.75
17578,29,5,582.16,6.238095238095238,3.790952380952381,1,582.16
17579,100,1,304.38,2.659090909090909,4.519318181818182,1,304.38
17581,13,16,5082.37,9.83754512635379,2.75072202166065,1,5082.37
17582,55,3,762.34,5.372549019607843,3.885294117647059,1,762.34
17583,82,1,135.95,7.857142857142857,2.807142857142857,1,135.95
17584,29,3,2103.59,11.020833333333334,5.577708333333334,1,2103.59
17585,0,1,344.61,4.028169014084507,2.3480281690140847,1,344.61
17586,141,1,167.4,8.5,2.975,1,167.4
17587,150,1,176.71,1.5952380952380953,3.3614285714285717,1,176.71
17588,72,2,1004.93,15.258064516129032,3.890967741935484,1,1004.93
17589,5,11,9125.95,6.749095295536791,2.499457177322075,1,9125.95
17591,213,1,135.65,1.4736842105263157,5.652631578947369,1,135.65
17592,260,1,148.3,2.923076923076923,3.965384615384615,1,148.3
17593,58,5,3235.9700000000003,10.840490797546012,3.1685276073619635,1,3235.9700000000003
17594,126,1,611.7,12.307692307692308,2.8365384615384617,1,611.7
17596,56,5,1341.42,10.01578947368421,1.9901052631578948,1,1341.42
17597,71,2,491.92,12.0,3.702105263157895,1,491.92
17602,27,7,1686.11,4.36026936026936,1.9143434343434342,1,1686.11
17603,139,3,1393.66,5.936842105263158,3.3053684210526315,1,1393.66
17604,63,2,306.46000000000004,3.108108108108108,2.011081081081081,1,306.46000000000004
17605,112,1,160.75,5.461538461538462,2.2115384615384617,1,160.75
17606,259,1,87.30000000000001,7.0,2.216666666666667,1,87.30000000000001
17608,129,1,155.88,2.8461538461538463,1.2225,1,155.88
17609,103,3,503.54,3.6120689655172415,1.9418965517241378,1,503.54
17610,62,5,1511.94,5.798701298701299,2.9338311688311687,1,1511.94
17611,33,10,3435.45,4.969626168224299,2.8543457943925237,1,3435.45
17612,6,8,2068.03,7.6875,3.96984375,1,2068.03
17615,7,1,122.7,9.0,2.8833333333333333,1,122.7
17617,80,1,385.19,13.833333333333334,2.567222222222222,1,385.19
17618,3,6,2216.63,5.483253588516747,3.4859330143540674,1,2216.63
17622,119,2,1130.21,9.973684210526315,4.117894736842105,1,1130.21
17623,6,5,1389.27,2.544776119402985,5.022910447761195,1,1389.27
17624,241,1,316.83,6.045454545454546,4.782727272727272,1,316.83
17625,59,3,2315.47,5.177966101694915,2.6202966101694916,1,2315.47
17626,124,1,254.0,11.222222222222221,1.8783333333333334,1,254.0
17627,0,1,296.36,67.6,1.8690000000000002,1,296.36
17631,190,3,335.76,9.363636363636363,3.1381818181818186,1,335.76
17635,48,2,852.08,10.5,2.9600000000000004,1,852.08
17638,169,2,842.4000000000001,144.0,1.95,1,842.4000000000001
17639,5,2,180.78,4.64,2.2972,1,180.78
17640,52,3,1573.32,25.393939393939394,2.783030303030303,1,1573.32
17642,142,2,648.71,13.475,2.23675,1,648.71
17643,27,1,338.15000000000003,6.739130434782608,3.2652173913043474,1,338.15000000000003
17644,14,7,2216.5,10.235294117647058,3.421848739495798,1,2216.5
17646,12,7,2139.08,7.101851851851852,5.154259259259259,1,2139.08
17647,191,2,198.6,10.4,5.17,1,198.6
17651,20,6,1758.52,9.74,2.9526,1,1758.52
17660,259,1,163.47,3.1363636363636362,2.416818181818182,1,163.47
17662,183,2,412.92,12.266666666666667,4.554,1,412.92
17663,9,6,2251.79,11.25287356321839,5.2043678160919535,1,2251.79
17664,142,1,308.85,10.095238095238095,2.798571428571429,1,308.85
17665,15,1,563.1,36.31578947368421,1.513157894736842,1,563.1
17666,16,2,622.44,37.84615384615385,1.4453846153846153,1,622.44
17667,21,3,1592.29,10.189473684210526,2.9926315789473685,1,1592.29
17669,51,2,2101.28,18.149253731343283,2.3744776119402986,1,2101.28
17672,163,2,1449.16,10.528301886792454,6.599245283018868,1,1449.16
17673,15,5,1803.74,6.21025641025641,1.8306153846153848,1,1803.74
17675,7,26,10569.68,19.463203463203463,3.927965367965368,1,10569.68
17676,49,2,700.87,12.630434782608695,1.8330434782608693,1,700.87
17677,7,17,12760.44,25.93918918918919,2.684222972972973,1,12760.44
17678,125,1,301.65,13.416666666666666,4.245833333333333,1,301.65
17679,43,5,1585.5,20.11764705882353,1.8564705882352939,1,1585.5
17680,33,1,226.05,4.6,13.870000000000001,1,226.05
17681,119,5,731.2,32.142857142857146,2.7621428571428575,1,731.2
17682,21,4,1433.2,9.448275862068966,2.4298850574712643,1,1433.2
17683,33,2,683.23,14.953488372093023,2.1365116279069767,1,683.23
17685,84,2,995.56,35.8,2.0425,1,995.56
17686,55,1,1294.8700000000001,7.305555555555555,4.082916666666666,1,1294.8700000000001
17690,154,2,765.37,14.102564102564102,2.862820512820513,1,765.37
17691,68,1,172.65,9.615384615384615,1.8115384615384615,1,172.65
17692,3,3,949.65,11.267857142857142,2.376785714285714,1,949.65
17694,33,2,1412.85,19.833333333333332,1.464090909090909,1,1412.85
17695,202,1,303.9,25.692307692307693,1.0653846153846154,1,303.9
17696,13,11,3160.19,17.556338028169016,2.121549295774648,1,3160.19
17699,83,1,182.7,13.0,2.3125,1,182.7
17700,1,7,3190.66,9.834285714285715,4.062228571428571,1,3190.66
17705,98,1,88.7,11.5,1.8116666666666665,1,88.7
17706,42,5,3037.1600000000003,12.564814814814815,3.7119444444444443,1,3037.1600000000003
17707,43,4,251.39999999999998,19.636363636363637,1.65,1,251.39999999999998
17709,10,3,483.16,8.733333333333333,4.701333333333333,1,483.16
17713,1,2,612.42,13.651162790697674,2.1248837209302325,1,612.42
17714,21,2,590.86,6.242424242424242,5.170606060606061,1,590.86
17715,114,1,163.2,192.0,0.85,1,163.2
17716,7,8,8281.6,16.642105263157895,2.903543859649123,1,8281.6
17718,166,1,299.83,11.235294117647058,2.6411764705882352,1,299.83
17720,33,2,347.54,12.08695652173913,3.389130434782609,1,347.54
17721,181,1,307.21000000000004,9.727272727272727,4.173636363636364,1,307.21000000000004
17726,34,3,361.14,7.25,3.390416666666667,1,361.14
17729,118,1,438.65000000000003,10.73913043478261,3.067391304347826,1,438.65000000000003
17730,43,3,1017.77,16.264705882352942,2.5741176470588236,1,1017.77
17731,143,2,468.88,6.6875,2.9771875,1,468.88
17732,9,1,382.93,13.772727272727273,3.321363636363636,1,382.93
17734,47,3,741.69,7.4186046511627906,3.607906976744186,1,741.69
17735,19,1,271.02,12.588235294117647,1.8605882352941177,1,271.02
17738,68,7,1547.8700000000001,12.340659340659341,2.4104395604395603,1,1547.8700000000001
17739,35,7,2938.4,12.318840579710145,4.076811594202899,1,2938.4
17740,90,4,313.5,24.0,2.218571428571429,1,313.5
17741,82,1,41.400000000000006,30.0,0.75,1,41.400000000000006
17742,44,6,1240.04,6.7,8.9758,1,1240.04
17745,77,1,489.23,5.2272727272727275,6.283636363636364,1,489.23
17746,132,1,404.58000000000004,25.692307692307693,2.062307692307692,1,404.58000000000004
17748,49,1,358.15,6.529411764705882,4.497058823529412,1,358.15
17749,68,1,351.66,5.7272727272727275,6.057272727272727,1,351.66
17753,1,3,243.60999999999999,1.546875,2.71390625,1,243.60999999999999
17754,8,7,2377.49,18.29230769230769,1.3835384615384614,1,2377.49
17757,6,14,1558.6,3.3659574468085105,2.924936170212766,1,1558.6
17758,90,1,434.96,4.242424242424242,2.541363636363636,1,434.96
17759,105,1,132.15,8.166666666666666,3.733333333333333,1,132.15
17760,149,3,237.89,5.173913043478261,2.79,1,237.89
17763,175,3,71.15,2.230769230769231,3.1884615384615387,1,71.15
17764,62,2,471.91,3.21875,3.0476562499999997,1,471.91
17768,202,3,569.77,15.090909090909092,1.8581818181818184,1,569.77
17769,87,4,1473.51,3.826923076923077,3.043846153846154,1,1473.51
17771,111,1,16.0,1.0,4.0,1,16.0
17773,36,2,575.37,4.618181818181818,3.1116363636363635,1,575.37
17774,44,3,1208.14,3.6993464052287583,3.2376470588235295,1,1208.14
17776,245,1,207.75,4.145833333333333,2.17625,1,207.75
17778,183,1,197.70000000000002,21.4,2.35,1,197.70000000000002
17780,189,3,346.56,1.9746835443037976,3.158481012658228,1,346.56
17783,34,1,93.49,3.5,2.685416666666667,1,93.49
17784,72,1,112.86,3.130434782608696,3.0591304347826087,1,112.86
17785,87,1,115.25,4.25,3.515625,1,115.25
17789,183,1,171.25,8.333333333333334,2.7733333333333334,1,171.25
17790,9,4,570.09,4.759036144578313,1.706987951807229,1,570.09
17792,0,1,251.04000000000002,4.5,3.8783333333333334,1,251.04000000000002
17794,208,2,147.3,6.571428571428571,4.421428571428572,1,147.3
17797,90,4,925.0600000000001,3.6666666666666665,2.9495833333333334,1,925.0600000000001
17798,103,1,178.07,3.066666666666667,1.8191111111111111,1,178.07
17799,8,8,2727.54,3.9080459770114944,2.4557011494252876,1,2727.54
17801,71,2,507.21,9.706896551724139,1.5163793103448275,1,507.21
17802,10,5,2375.31,4.899628252788104,1.951895910780669,1,2375.31
17804,54,2,264.78000000000003,2.2857142857142856,2.665873015873016,1,264.78000000000003
17805,132,1,414.72,648.0,0.64,1,414.72
17807,101,2,301.62,2.8208955223880596,2.2528358208955224,1,301.62
17808,70,4,262.64,4.333333333333333,2.7081818181818185,1,262.64
17809,16,6,3371.1800000000003,30.1,5.637,1,3371.1800000000003
17810,190,2,373.16,2.1454545454545455,4.421454545454545,1,373.16
17812,52,1,101.4,1.8846153846153846,2.8826923076923077,1,101.4
17816,180,2,59.55,1.7857142857142858,1.3160714285714286,1,59.55
17818,259,1,124.78,2.0476190476190474,1.9300000000000002,1,124.78
17819,105,4,2085.1,18.058823529411764,5.776470588235294,1,2085.1
17822,82,2,1074.92,7.114754098360656,2.752377049180328,1,1074.92
17825,120,4,701.96,19.11111111111111,2.367777777777778,1,701.96
17827,143,1,388.84,5.181818181818182,1.6328787878787878,1,388.84
17829,177,1,1310.3000000000002,14.777777777777779,2.2974074074074076,1,1310.3000000000002
17833,245,1,338.46000000000004,4.612903225806452,3.5280645161290325,1,338.46000000000004
17838,2,8,2883.84,12.116788321167883,2.8164233576642337,1,2883.84
17841,3,64,19835.86,2.6664731494920173,3.040031930333817,1,19835.86
17842,124,1,430.69,4.944444444444445,5.782777777777778,1,430.69
17845,77,4,596.09,4.148936170212766,4.586595744680851,1,596.09
17847,37,2,129.69,3.2222222222222223,4.625555555555556,1,129.69
17848,16,16,2124.38,9.790123456790123,6.084567901234569,1,2124.38
17849,2,4,457.96000000000004,4.583333333333333,7.238333333333333,1,457.96000000000004
17850,30,81,36066.05,8.512912912912913,3.1694654654654655,1,36066.05
17851,48,5,1438.81,4.024630541871921,2.8661576354679803,1,1438.81
17852,246,2,380.36,4.48936170212766,1.9708510638297871,1,380.36
17853,258,1,584.35,5.482758620689655,4.785172413793104,1,584.35
17854,36,3,269.18,6.72,2.5951999999999997,1,269.18
17857,163,1,468.0,325.0,0.72,1,468.0
17858,10,10,4297.49,15.270491803278688,3.968688524590164,1,4297.49
17860,250,2,246.94,2.2181818181818183,2.6676363636363636,1,246.94
17861,19,7,2127.04,7.342105263157895,1.8600657894736843,1,2127.04
17862,85,1,150.83,6.294117647058823,2.3229411764705885,1,150.83
17863,31,4,1391.02,19.66176470588235,1.5894117647058823,1,1391.02
17865,5,17,10851.91,11.393592677345538,3.181853546910755,1,10851.91
17866,6,2,805.3000000000001,21.235294117647058,3.911764705882353,1,805.3000000000001
17867,44,6,340.93,2.0892857142857144,4.762142857142857,1,340.93
17869,69,1,155.19,3.0,7.714666666666667,1,155.19
17871,100,2,523.54,8.161290322580646,4.578064516129031,1,523.54
17873,0,9,2771.7400000000002,20.11764705882353,2.2681176470588236,1,2771.7400000000002
17875,210,1,167.1,3.769230769230769,2.7838461538461536,1,167.1
17876,124,2,1619.02,479.0,1.69,1,1619.02
17880,161,2,366.0,8.0,2.981578947368421,1,366.0
17883,61,3,324.08,3.2903225806451615,4.799354838709678,1,324.08
17884,50,11,1582.81,7.432558139534883,2.0454883720930233,1,1582.81
17886,111,1,144.2,1.35,6.175,1,144.2
17888,8,12,947.54,6.6891891891891895,2.8575675675675676,1,947.54
17889,140,1,16.44,1.0,3.2880000000000003,1,16.44
17897,34,5,1365.81,4.745454545454545,3.3231818181818182,1,1365.81
17898,89,1,114.88,3.1538461538461537,4.999230769230769,1,114.88
17901,43,2,149.7,4.666666666666667,14.549999999999999,1,149.7
17902,68,1,216.4,21.916666666666668,1.3066666666666666,1,216.4
17905,52,8,1234.82,9.197802197802197,4.1208791208791204,1,1234.82
17907,162,1,291.76,80.46153846153847,3.3361538461538465,1,291.76
17908,26,3,668.61,3.566666666666667,2.722083333333333,1,668.61
17909,259,1,110.05,4.375,5.5375,1,110.05
17910,248,1,261.7,4.653846153846154,3.0442307692307695,1,261.7
17913,5,9,2387.96,3.792332268370607,2.850415335463259,1,2387.96
17915,73,1,225.78,6.344827586206897,2.806896551724138,1,225.78
17916,150,2,43.87,4.7368421052631575,1.174736842105263,1,43.87
17918,22,3,396.39,8.8,1.98675,1,396.39
17920,20,31,18099.79,11.495575221238939,2.7629077117572693,1,18099.79
17921,13,3,806.69,2.6607142857142856,3.2494642857142857,1,806.69
17922,65,1,170.4,6.125,4.63125,1,170.4
17923,49,2,289.5,45.0,3.15,1,289.5
17926,101,1,178.3,9.0,3.11875,1,178.3
17927,243,1,294.0,10.8,3.015,1,294.0
17928,93,1,128.7,20.5,1.525,1,128.7
17929,19,4,896.5999999999999,29.6,6.35,1,896.5999999999999
17930,9,6,1910.1,43.025,1.64175,1,1910.1
17931,17,10,2363.46,6.070833333333334,2.643125,1,2363.46
17933,154,1,114.69,4.5,2.0957142857142856,1,114.69
17935,147,2,225.25,10.375,2.7125,1,225.25
17940,92,5,22579.35,4613.8125,3.428125,1,22579.35
17941,112,3,1128.72,171.2,2.1839999999999997,1,1128.72
17945,218,3,360.35,3.388888888888889,2.0306944444444444,1,360.35
17949,5,57,42102.479999999996,303.6818181818182,138.46924242424245,1,42102.479999999996
17950,37,3,529.04,2.942857142857143,2.974142857142857,1,529.04
17952,63,2,360.11,2.7846153846153845,2.5264615384615383,1,360.11
17953,62,1,159.17000000000002,4.9,3.597,1,159.17000000000002
17954,73,6,1168.69,3.4405940594059405,2.659851485148515,1,1168.69
17955,177,2,392.6,136.0,1.0533333333333335,1,392.6
17958,250,1,465.41999999999996,6.896551724137931,3.2506896551724136,1,465.41999999999996
17959,114,1,140.75,24.5,21.025000000000002,1,140.75
17960,44,2,61.300000000000004,1.7272727272727273,3.290909090909091,1,61.300000000000004
17961,20,46,1324.21,2.5754716981132075,2.5496855345911946,1,1324.21
17962,71,3,564.55,3.3959731543624163,2.164295302013423,1,564.55
17963,26,3,451.01,2.8666666666666667,3.1208,1,451.01
17965,35,10,3133.57,6.144414168937329,2.9674114441416894,1,3133.57
17966,113,5,865.49,29.933333333333334,1.3871111111111112,1,865.49
17968,34,1,128.54,3.2,1.661,1,128.54
17969,24,18,2126.09,4.536842105263158,5.057368421052631,1,2126.09
17971,70,1,161.94,2.9523809523809526,3.13047619047619,1,161.94
17975,12,1,108.60000000000001,1.5789473684210527,3.8421052631578947,1,108.60000000000001
17978,219,2,288.05,3.0,3.6559523809523813,1,288.05
17982,202,1,138.18,9.0,1.9738461538461538,1,138.18
17984,17,2,437.83,2.822429906542056,2.311308411214953,1,437.83
17987,72,1,173.98,4.943396226415095,1.1162264150943395,1,173.98
17988,9,7,288.42,1.6823529411764706,2.7529411764705882,1,288.42
17990,63,2,535.6800000000001,18.0,2.7424999999999997,1,535.6800000000001
17991,113,1,206.95,2.0606060606060606,4.450909090909091,1,206.95
17993,139,1,225.99,1.8,2.3314999999999997,1,225.99
17994,29,5,1357.8,7.893939393939394,2.638737373737374,1,1357.8
17996,68,2,262.9,4.473684210526316,3.5623684210526316,1,262.9
17998,259,2,319.19,5.8,4.255800000000001,1,319.19
18000,86,1,124.25,18.166666666666668,2.018333333333333,1,124.25
18001,68,2,277.7,6.242424242424242,2.2784848484848483,1,277.7
18002,47,3,176.27,1.3095238095238095,3.863571428571429,1,176.27
18006,139,2,328.13,4.894736842105263,4.0531578947368425,1,328.13
18008,51,10,15110.39,113.13725490196079,3.4831372549019606,1,15110.39
18009,64,7,1896.84,3.554054054054054,3.9825,1,1896.84
18011,89,1,308.0,1.542857142857143,5.664285714285715,1,308.0
18012,245,1,115.3,4.846153846153846,6.810769230769231,1,115.3
18016,203,1,201.20000000000002,4.421052631578948,3.1657894736842103,1,201.20000000000002
18020,65,1,190.48000000000002,5.583333333333333,4.866666666666666,1,190.48000000000002
18021,31,2,216.41,5.25,2.5359375,1,216.41
18022,68,1,172.51,1.360655737704918,2.2503278688524593,1,172.51
18025,85,2,492.84000000000003,8.568181818181818,2.1025,1,492.84000000000003
18026,22,2,2074.07,31.176470588235293,5.149411764705882,1,2074.07
18028,105,1,192.05,33.25,2.75,1,192.05
18029,164,1,433.77,14.055555555555555,1.738888888888889,1,433.77
18036,30,5,663.68,1.7012987012987013,2.8437012987012986,1,663.68
18037,72,8,78.1,1.1818181818181819,6.372727272727272,1,78.1
18038,78,1,141.48,2.962962962962963,2.6722222222222225,1,141.48
18039,62,3,377.51,3.5652173913043477,1.946608695652174,1,377.51
18041,51,9,2636.39,9.213178294573643,2.3385658914728684,1,2636.39
18042,63,1,116.10000000000001,4.0,3.3833333333333333,1,116.10000000000001
18044,61,3,602.06,8.48,4.6568000000000005,1,602.06
18046,171,1,189.63,1.6923076923076923,6.181923076923078,1,189.63
18048,15,1,222.64000000000001,2.480769230769231,2.6551923076923076,1,222.64000000000001
18049,112,1,262.35,2.5344827586206895,2.4520689655172414,1,262.35
18051,156,7,2282.28,30.2,1.962,1,2282.28
18052,86,1,10877.18,1110.375,0.65625,1,10877.18
18053,47,2,271.05,8.916666666666666,3.275,1,271.05
18056,140,1,190.95,11.181818181818182,1.9,1,190.95
18057,126,2,987.71,7.308333333333334,2.8705833333333337,1,987.71
18058,63,2,603.9,23.53846153846154,1.9961538461538462,1,603.9
18060,86,1,464.4,16.0,2.928787878787879,1,464.4
18061,28,13,3009.15,34.089285714285715,2.625357142857143,1,3009.15
18062,119,1,422.75,15.666666666666666,2.5966666666666667,1,422.75
18063,155,1,102.0,24.0,4.25,1,102.0
18064,24,7,2861.73,35.57142857142857,2.306530612244898,1,2861.73
18065,0,9,2392.5,8.035398230088495,4.499911504424779,1,2392.5
18069,80,4,1297.8700000000001,4.047101449275362,2.225036231884058,1,1297.8700000000001
18070,191,1,314.1,9.555555555555555,3.822222222222222,1,314.1
18071,243,2,407.55,9.32,3.116,1,407.55
18074,27,1,529.84,5.7,4.477333333333333,1,529.84
18075,20,1,627.62,6.195121951219512,4.978536585365854,1,627.62
18077,152,5,903.57,9.520547945205479,1.5904109589041096,1,903.57
18078,150,1,256.22,7.095238095238095,1.7638095238095237,1,256.22
18079,13,1,590.78,106.38461538461539,0.94,1,590.78
18085,150,1,258.75,9.153846153846153,2.6538461538461537,1,258.75
18087,16,9,7964.34,42.40625,3.16640625,1,7964.34
18091,115,1,360.85,21.56,1.678,1,360.85
18092,1,6,4982.0,79.72727272727273,2.732727272727273,1,4982.0
18093,118,2,674.63,57.0,2.8177777777777777,1,674.63
18094,83,5,2172.9,25.75,3.02675,1,2172.9
18095,100,2,1427.3600000000001,48.8,2.3095,1,1427.3600000000001
18096,29,2,365.09,1.7282608695652173,2.8554347826086954,1,365.09
18097,31,2,572.0,17.304347826086957,2.2069565217391305,1,572.0
18100,72,1,451.56,14.666666666666666,2.0776666666666666,1,451.56
18101,196,1,112.5,1.608695652173913,3.991739130434783,1,112.5
18102,1,75,262002.79,186.74100719424462,2.8373021582733813,1,262002.79
18103,71,1,105.8,2.3,4.8549999999999995,1,105.8
18106,171,3,599.13,2.230769230769231,3.051868131868132,1,599.13
18108,118,2,577.8100000000001,5.9,4.6226666666666665,1,577.8100000000001
18109,2,2,383.2,2.2804878048780486,2.7079268292682928,1,383.2
18111,111,1,405.85,8.592592592592593,4.8351851851851855,1,405.85
18112,73,1,152.0,2.6666666666666665,4.6499999999999995,1,152.0
18115,219,1,9.700000000000001,1.0,3.233333333333334,1,9.700000000000001
18123,35,1,92.2,1.5454545454545454,3.7704545454545455,1,92.2
18128,59,1,399.29,5.142857142857143,2.498095238095238,1,399.29
18131,153,1,222.95999999999998,138.0,1.0075,1,222.95999999999998
18132,26,1,220.13,3.4193548387096775,2.0232258064516127,1,220.13
18134,120,2,445.0,4.571428571428571,4.917857142857143,1,445.0
18135,37,3,366.12,22.833333333333332,3.0091666666666668,1,366.12
18137,73,2,145.99,2.0344827586206895,3.51448275862069,1,145.99
18141,111,1,458.27,10.772727272727273,2.7154545454545453,1,458.27
18144,68,3,967.8000000000001,17.5,3.5486363636363634,1,967.8000000000001
18145,7,5,1988.17,13.829931972789115,1.6560544217687074,1,1988.17
18148,168,1,112.85000000000001,6.3,2.711,1,112.85000000000001
18149,73,2,585.74,4.868852459016393,2.5668852459016396,1,585.74
18151,80,3,1069.99,8.719298245614034,3.9733333333333336,1,1069.99
18152,168,1,426.69,7.5,7.1579999999999995,1,426.69
18153,181,1,246.22,11.764705882352942,1.3964705882352941,1,246.22
18154,12,1,189.29999999999998,11.375,1.175,1,189.29999999999998
18157,93,1,213.9,5.8,3.6612,1,213.9
18162,254,1,371.51,7.217391304347826,1.8706521739130435,1,371.51
18163,106,1,728.84,13.696969696969697,3.770606060606061,1,728.84
18166,145,1,175.5,9.0,2.38,1,175.5
18168,6,8,1845.28,6.904761904761905,2.5851190476190475,1,1845.28
18170,61,4,1197.74,10.0,4.908627450980393,1,1197.74
18171,43,3,855.25,13.862068965517242,3.865862068965517,1,855.25
18172,0,17,6341.86,14.170588235294117,5.125470588235293,1,6341.86
18173,134,1,589.52,36.42857142857143,2.902142857142857,1,589.52
18174,125,1,58.5,30.0,1.95,1,58.5
18175,197,1,176.10000000000002,10.0,4.45,1,176.10000000000002
18177,82,3,875.45,20.346153846153847,1.9280769230769232,1,875.45
18178,14,5,2663.2400000000002,12.11320754716981,2.536729559748428,1,2663.2400000000002
18179,44,2,754.38,23.736842105263158,2.7205263157894737,1,754.38
18181,83,3,493.12,2.4096385542168677,3.159759036144578,1,493.12
18186,244,1,329.58000000000004,30.727272727272727,2.1836363636363636,1,329.58000000000004
18187,153,1,724.89,6.458333333333333,4.726041666666666,1,724.89
18188,118,2,337.55,7.571428571428571,2.757142857142857,1,337.55
18189,147,1,313.49,15.0,1.8694444444444445,1,313.49
18190,125,3,461.16,12.962962962962964,2.2762962962962963,1,461.16
18194,63,4,2625.7000000000003,49.6,3.9265,1,2625.7000000000003
18196,154,1,292.93,5.384615384615385,1.8511538461538461,1,292.93
18197,97,1,230.1,18.444444444444443,1.9166666666666667,1,230.1
18199,205,1,344.75,4.95,5.035,1,344.75
18201,244,1,447.53000000000003,7.074074074074074,4.629259259259259,1,447.53000000000003
18203,72,2,219.53,1.8076923076923077,5.234230769230769,1,219.53
18206,75,1,314.65999999999997,12.947368421052632,1.4352631578947368,1,314.65999999999997
18207,21,1,544.47,10.483870967741936,2.9419354838709677,1,544.47
18208,87,1,360.08,4.823529411764706,8.346470588235293,1,360.08
18212,199,1,298.3,5.5,5.295833333333333,1,298.3
18214,52,4,1780.34,17.051724137931036,3.1232758620689656,1,1780.34
18215,0,3,1439.8700000000001,12.636363636363637,3.174181818181818,1,1439.8700000000001
18217,35,2,323.29,27.666666666666668,2.0044444444444443,1,323.29
18218,118,2,479.91999999999996,27.333333333333332,1.6738888888888888,1,479.91999999999996
18219,15,5,762.78,9.891304347826088,2.992391304347826,1,762.78
18220,19,3,894.16,41.5,4.3525,1,894.16
18223,34,8,4937.12,11.514018691588785,3.491588785046729,1,4937.12
18225,5,7,4280.44,11.204545454545455,3.1620454545454546,1,4280.44
18226,0,8,3534.47,15.291390728476822,3.3888741721854307,1,3534.47
18227,6,1,295.0,1.0,295.0,1,295.0
18229,22,5,1315.2,28.8,4.57,1,1315.2
18230,47,1,288.0,13.466666666666667,1.870666666666667,1,288.0
18231,23,21,4183.45,7.658227848101266,4.251983122362869,1,4183.45
18234,73,1,179.6,2.6666666666666665,2.3583333333333334,1,179.6
18236,3,3,424.42,6.173913043478261,5.199130434782608,1,424.42
18238,37,1,270.92,8.142857142857142,2.8957142857142855,1,270.92
18241,0,2,466.3,8.89655172413793,2.424137931034483,1,466.3
18242,83,3,1060.3,15.647058823529411,1.732156862745098,1,1060.3
18244,24,1,302.8,222.66666666666666,0.6733333333333333,1,302.8
18245,23,8,2525.15,11.49746192893401,2.1299492385786802,1,2525.15
18246,131,1,162.72,48.0,3.39,1,162.72
18247,71,2,440.03,8.590909090909092,4.442727272727272,1,440.03
18251,132,4,10724.67,298.6296296296296,1.0383333333333333,1,10724.67
18252,70,5,1015.42,17.45,3.9189999999999996,1,1015.42
18253,164,1,317.88,18.285714285714285,4.604285714285715,1,317.88
18254,103,1,267.9,11.75,1.546875,1,267.9
18257,22,3,1739.8,10.372340425531915,3.072765957446808,1,1739.8
18258,13,5,1716.25,42.90243902439025,2.754390243902439,1,1716.25
18259,202,2,662.7,11.066666666666666,4.163333333333333,1,662.7
18260,15,6,2448.62,17.515151515151516,8.213939393939395,1,2448.62
18262,124,1,202.06,18.142857142857142,1.0942857142857143,1,202.06
18264,20,1,603.25,6.694444444444445,4.597222222222222,1,603.25
18267,194,1,269.37,7.9411764705882355,2.9864705882352944,1,269.37
18268,113,5,1464.73,10.742424242424242,3.0954545454545457,1,1464.73
18271,131,2,680.85,15.19047619047619,2.954285714285714,1,680.85
18272,70,3,1307.4,13.833333333333334,2.580833333333333,1,1307.4
18273,112,1,153.0,60.0,2.55,1,153.0
18275,100,2,741.85,21.94736842105263,2.488947368421053,1,741.85
18276,41,3,683.67,13.354166666666666,2.0552083333333333,1,683.67
18277,16,2,337.14,6.111111111111111,8.841666666666667,1,337.14
18279,41,1,231.34,48.46153846153846,0.5476923076923077,1,231.34
18281,99,1,120.32,9.2,1.9009999999999998,1,120.32
18283,143,3,332.02,1.3361344537815125,2.3203361344537816,1,332.02
18285,182,1,427.0,12.083333333333334,8.35,1,427.0
18286,245,1,462.95,6.705882352941177,7.98235294117647,1,462.95
18287,93,1,1071.6100000000001,13.555555555555555,2.147222222222222,1,1071.6100000000001
